/*
Navicat MySQL Data Transfer

Source Server         : 111
Source Server Version : 50172
Source Host           : 139.224.72.243:13306
Source Database       : lanpartyclub_database

Target Server Type    : MYSQL
Target Server Version : 50172
File Encoding         : 65001

Date: 2018-03-18 17:51:48
*/

SET FOREIGN_KEY_CHECKS=0;

-- ----------------------------
-- Table structure for `lanpartyclub_album`
-- ----------------------------
DROP TABLE IF EXISTS `lanpartyclub_album`;
CREATE TABLE `lanpartyclub_album` (
  `album_id` int(16) unsigned NOT NULL AUTO_INCREMENT,
  `album_name` varchar(20) CHARACTER SET utf8 COLLATE utf8_unicode_ci NOT NULL DEFAULT 'default',
  PRIMARY KEY (`album_id`),
  UNIQUE KEY `lanpartyclub_album_album_name_unique` (`album_name`) USING BTREE
) ENGINE=InnoDB AUTO_INCREMENT=8 DEFAULT CHARSET=utf8;

-- ----------------------------
-- Records of lanpartyclub_album
-- ----------------------------
INSERT INTO `lanpartyclub_album` VALUES ('2', '世纪婚礼');
INSERT INTO `lanpartyclub_album` VALUES ('3', '公司团建');
INSERT INTO `lanpartyclub_album` VALUES ('7', '刘烨、张艺兴、成龙、沈梦辰等');
INSERT INTO `lanpartyclub_album` VALUES ('5', '化妆派对');
INSERT INTO `lanpartyclub_album` VALUES ('4', '私人派对');
INSERT INTO `lanpartyclub_album` VALUES ('1', '韩寒团建');

-- ----------------------------
-- Table structure for `lanpartyclub_class`
-- ----------------------------
DROP TABLE IF EXISTS `lanpartyclub_class`;
CREATE TABLE `lanpartyclub_class` (
  `class_id` int(16) unsigned NOT NULL AUTO_INCREMENT,
  `class_name` varchar(10) NOT NULL DEFAULT 'default',
  `class_pid` int(16) unsigned NOT NULL DEFAULT '0',
  PRIMARY KEY (`class_id`)
) ENGINE=InnoDB AUTO_INCREMENT=7 DEFAULT CHARSET=utf8;

-- ----------------------------
-- Records of lanpartyclub_class
-- ----------------------------
INSERT INTO `lanpartyclub_class` VALUES ('1', '场馆', '0');
INSERT INTO `lanpartyclub_class` VALUES ('2', '餐饮', '0');
INSERT INTO `lanpartyclub_class` VALUES ('3', '增值服务', '0');
INSERT INTO `lanpartyclub_class` VALUES ('4', '蓝派尊享', '1');
INSERT INTO `lanpartyclub_class` VALUES ('5', '蓝派尊享', '2');
INSERT INTO `lanpartyclub_class` VALUES ('6', '蓝派尊享', '3');

-- ----------------------------
-- Table structure for `lanpartyclub_item`
-- ----------------------------
DROP TABLE IF EXISTS `lanpartyclub_item`;
CREATE TABLE `lanpartyclub_item` (
  `item_id` int(16) unsigned NOT NULL AUTO_INCREMENT,
  `item_name` varchar(50) NOT NULL DEFAULT 'default',
  `item_brief` varchar(200) DEFAULT NULL,
  `item_random` tinyint(1) NOT NULL DEFAULT '1',
  PRIMARY KEY (`item_id`),
  UNIQUE KEY `lanpartyclub_item_item_name_unique` (`item_name`) USING BTREE
) ENGINE=InnoDB AUTO_INCREMENT=66 DEFAULT CHARSET=utf8;

-- ----------------------------
-- Records of lanpartyclub_item
-- ----------------------------
INSERT INTO `lanpartyclub_item` VALUES ('2', '蓝派中餐私房菜', '【蓝派】是上海所有轰趴馆中“唯一真正拥有”自己的“五星级名厨”的高端轰趴馆，蓝派中餐私房菜均由蓝派自己的五星级主厨曹大厨现场烹饪，曹大厨曾为成龙、赵本山、陈小春等名星及政要掌厨服务，手艺堪称一绝！法式黑椒安格斯牛肉、捞汁三文鱼、蓝派龙虾帝王卷等，最值得一提是法式黑椒安格斯牛肉，是从英国空运过来的。轰趴体验中“吃的体验”是最为重要的部分，绝对不容忽视！！！', '1');
INSERT INTO `lanpartyclub_item` VALUES ('3', '凡尔赛宫馆', '蓝派凡尔赛宫馆是目前上海最为奢华的庄园式纯独栋别墅，排名第一！所在的别墅区有很多中国知名影视明星居住，例如冯绍峰、王志文等。蓝派凡尔赛宫馆为纯正法式宫廷风格别墅，建筑面积约900平米，全新豪华装修，更奢侈配有【7个行政大床房】，坐拥约1000平米的奢侈豪装私人花园，并带有气派法式凉亭。', '1');
INSERT INTO `lanpartyclub_item` VALUES ('4', '威尼斯人馆', '别墅位于顶级别墅区檀宫别墅内。建筑面积约500平米，坐拥约1500平米的奢侈豪装私人花园。更配有高端室内、室外泳池、SPA休息房等。', '0');
INSERT INTO `lanpartyclub_item` VALUES ('7', '蓝派烧烤自助餐', '蓝派烧烤特色是著名的东北延边烧烤风味，在上海其他地方绝对吃不到！轰趴体验中“吃的体验”是最为重要的部分，绝对不容忽视！！！', '0');
INSERT INTO `lanpartyclub_item` VALUES ('8', '美国馆', '蓝派美国馆所在的别墅区位于佘山国家旅游度假区，依佘山、北竿山，临淀浦河秀水，拥有四万平方米的主题公园。蓝派美国馆为别墅区中极为稀缺的南加州异国风情顶级奢华庄园级别墅，建筑面积约700平米，坐拥1200平米的奢侈豪装私人花园。', '0');
INSERT INTO `lanpartyclub_item` VALUES ('9', '法国馆', '蓝派法国馆位于中国一线影视名星的别墅豪宅选择聚集区-上海徐泾，更是大虹桥枢纽核心国际住区。法国馆所在的别墅区有很多中国知名影视明星居住，例如冯绍峰、王志文等。别墅区紧邻著名的银涛高尔夫和国家会展中心。蓝派法国馆为纯正法式宫廷风格别墅，建筑面积约600平米，全新豪华装修。', '0');
INSERT INTO `lanpartyclub_item` VALUES ('10', '优胜美地馆', '蓝派优胜美地馆位于上海闵行区旗忠高尔夫和上海国际网球中心隔壁。作为亚洲十大豪宅，首屈一指的庄园式独栋别墅尤其令人瞩目，她的美在于大气、在于品质、在于幽雅、在于懂得生活！', '0');
INSERT INTO `lanpartyclub_item` VALUES ('15', '圣地亚哥馆', '蓝派圣地亚哥馆位于上海闵行区旗忠高尔夫和上海国际网球中心隔壁。作为庄园式独栋别墅，她的美在于大气、在于品质、在于幽雅、在于懂得生活！建筑面积约500平米，1个大床房，2个超大日式榻榻米，3卫，1厨房，3阳台，坐拥约1000平米的奢侈豪装私人花园，并有优美湖畔环绕。', '0');
INSERT INTO `lanpartyclub_item` VALUES ('16', '白金瀚宫馆', '蓝派白金瀚宫馆位于上海浦东的黄金板块迪士尼区域黄金角，交通便利，半小时内即可到达迪士尼乐园和上海浦东国际机场。会所占地面积5000多平方，建筑面积2800平米。公馆拥有室内恒温游泳池、室外全景露台、中西式餐厅、户外BBQ、咖啡厅、瑜伽室、书吧、健身房、桌游房、台球桌、桌式足球、儿童活动室、室外儿童乐园、KTV、商务会议室、红酒雪茄吧、网球场、篮球场、地下停车场。', '0');
INSERT INTO `lanpartyclub_item` VALUES ('18', '蓝派火锅自助餐', '蓝派火锅自助套餐由蓝派主厨特调火锅锅底和蘸料，味道绝佳。轰趴体验中“吃的体验”是最为重要的部分，绝对不容忽视！！！', '0');
INSERT INTO `lanpartyclub_item` VALUES ('19', '蓝派日式寿司套餐', '蓝派日式寿司套餐由蓝派大厨现场亲自制作。', '0');
INSERT INTO `lanpartyclub_item` VALUES ('44', '蓝派尊享中式自助餐', '蓝派尊享中式自助餐全部由蓝派全职五星大厨亲手烹饪，以保证最佳的口感和食材的新鲜度。', '0');
INSERT INTO `lanpartyclub_item` VALUES ('45', '蓝派尊享全鳄宴', '蓝派全鳄宴由持有专业烹饪鳄鱼执照的蓝派五星大厨现场烹饪。', '0');
INSERT INTO `lanpartyclub_item` VALUES ('55', '专业活动策划', '蓝派提供各种专业活动策划服务，具体价格请向蓝派客服咨询。', '0');
INSERT INTO `lanpartyclub_item` VALUES ('59', '专业场地布置', '蓝派提供各种专业场地布置服务，具体价格请向蓝派客服咨询。', '1');
INSERT INTO `lanpartyclub_item` VALUES ('60', '专业摄影摄像', '蓝派提供各种专业场地布置服务，具体价格请向蓝派客服咨询。', '0');
INSERT INTO `lanpartyclub_item` VALUES ('61', '婚庆一条龙服务', '蓝派提供专业婚庆一条龙服务，具体价格请向蓝派客服咨询。', '0');
INSERT INTO `lanpartyclub_item` VALUES ('62', '陶艺工作室', '蓝派特邀美院老师现场教您做陶艺DIY，具体价格请向蓝派客服咨询。', '0');
INSERT INTO `lanpartyclub_item` VALUES ('63', '五行学堂', '蓝派特邀著名五行讲师和您一起探寻五行周易学问之奥妙，具体价格请向蓝派客服咨询。', '0');
INSERT INTO `lanpartyclub_item` VALUES ('64', '卢浮宫·极致奢华馆', '蓝派卢浮宫·极致奢华馆是上海闵行目前“最顶级”的派对轰趴别墅，装修费用近1000万，其所在的别墅区位于闵行区的颛桥版块，是上海最为著名的顶级独栋别墅区之一，众多中国知名企业家与明星皆居住于此。蓝派卢浮宫·极致奢华馆为别墅区中极为稀缺的欧式顶级奢华庄园级别墅，建筑面积约800平米，地上三层，地下一层，坐拥1000平米的奢侈豪装私人花园。', '1');
INSERT INTO `lanpartyclub_item` VALUES ('65', '夏威夷风情馆', '蓝派夏威夷馆是上海目前唯一“最顶级”的派对轰趴别墅，市价约1个亿，装修费用近1500万，建筑面积约800平米，5房（4个大床房，1个榻榻米房），4厅，4卫，1厨房，坐拥4000平米的奢侈豪装私人花园和露天游泳池。其所在的别墅区位于佘山国家旅游度假区，距佘山仅300米之遥，为上海最顶级的别墅区！', '1');

-- ----------------------------
-- Table structure for `lanpartyclub_item_detail`
-- ----------------------------
DROP TABLE IF EXISTS `lanpartyclub_item_detail`;
CREATE TABLE `lanpartyclub_item_detail` (
  `item_detail_id` int(16) unsigned NOT NULL AUTO_INCREMENT,
  `item_detail_name` varchar(10) NOT NULL DEFAULT 'value',
  `item_detail_content` varchar(500) NOT NULL DEFAULT 'value',
  `item_detail_rank` tinyint(3) unsigned NOT NULL DEFAULT '0',
  `item_id` int(16) unsigned NOT NULL,
  PRIMARY KEY (`item_detail_id`),
  KEY `fk_lanpartyclub_item_detail_lanpartyclub_item` (`item_id`),
  CONSTRAINT `fk_lanpartyclub_item_detail_lanpartyclub_item` FOREIGN KEY (`item_id`) REFERENCES `lanpartyclub_item` (`item_id`) ON DELETE CASCADE ON UPDATE CASCADE
) ENGINE=InnoDB AUTO_INCREMENT=123 DEFAULT CHARSET=utf8;

-- ----------------------------
-- Records of lanpartyclub_item_detail
-- ----------------------------
INSERT INTO `lanpartyclub_item_detail` VALUES ('1', '餐标', '请与蓝派客服确认', '1', '2');
INSERT INTO `lanpartyclub_item_detail` VALUES ('2', '别墅简介', '蓝派凡尔赛宫馆是目前上海最为奢华的庄园式纯独栋别墅，排名第一！位于中国一线影视名星的别墅豪宅选择聚集区-上海徐泾，更是大虹桥枢纽核心国际住区。法国馆所在的别墅区有很多中国知名影视明星居住，例如冯绍峰、王志文等。别墅区紧邻著名的银涛高尔夫和国家会展中心。蓝派凡尔赛宫馆为纯正法式宫廷风格别墅，建筑面积约900平米，全新豪华装修，更奢侈配有【7个行政大床房】（其中4个带有独立卫生间，3个带有共享卫生间），5卫（带有电动马桶、电热毛巾架、国际顶级品牌卫浴设备），2厨房，3阳台，坐拥约1000平米的奢侈豪装私人花园，并带有气派法式凉亭。', '1', '3');
INSERT INTO `lanpartyclub_item_detail` VALUES ('3', '别墅简介', '蓝派美国馆所在的别墅区位于佘山国家旅游度假区，依佘山、北竿山，临淀浦河秀水，拥有四万平方米的主题公园。蓝派美国馆为别墅区中极为稀缺的南加州异国风情顶级奢华庄园级别墅，建筑面积约700平米，坐拥1200平米的奢侈豪装私人花园。', '1', '8');
INSERT INTO `lanpartyclub_item_detail` VALUES ('4', '别墅简介', '蓝派法国馆位于中国一线影视名星的别墅豪宅选择聚集区-上海徐泾，更是大虹桥枢纽核心国际住区。法国馆所在的别墅区有很多中国知名影视明星居住，例如冯绍峰、王志文等。别墅区紧邻著名的银涛高尔夫和国家会展中心。蓝派法国馆为纯正法式宫廷风格别墅，建筑面积约600平米，全新豪华装修。', '1', '9');
INSERT INTO `lanpartyclub_item_detail` VALUES ('12', '别墅简介', '蓝派优胜美地馆位于上海闵行区旗忠高尔夫和上海国际网球中心隔壁。作为亚洲十大豪宅，首屈一指的庄园式独栋别墅尤其令人瞩目，她的美在于大气、在于品质、在于幽雅、在于懂得生活！', '1', '10');
INSERT INTO `lanpartyclub_item_detail` VALUES ('13', '娱乐设施', '1. 【1000平超大私人花园草坪】 2. 【室外露台】 3. 【斯诺克台球】 4. 【无烟烧烤设备】 5. 【豪华KTV包房】 6. 【桌式足球】 7. 【高级自动麻将机】 8. 【XBOX360体感游戏机】 9. 【桌游激战】 10.【小霸王游戏机】 11.【乒乓球台】', '2', '10');
INSERT INTO `lanpartyclub_item_detail` VALUES ('14', '私人定制', '1. 本别墅适合做： Team Building、私人派对、同学聚会、开学/毕业聚会、好友聚会、公司聚会、公司尾牙、行业交流、高端派对、商务宴请、（微）电影拍摄、婚庆礼仪、节日派对、主题派对、动漫Cosplay、求婚求爱、会议会晤、社团活动、旅游度假、音乐酒会、拓展/破冰游戏等。 2. 蓝派私人定制服务： （1）为您提供专属于您的派对、聚会等策划服务，为您打造终身难忘的生日聚会、企业年会、班级聚会等； （2）由蓝派专业五星级大厨与马勒别墅大厨为您提供专属于您的私人定制大餐（中餐、西餐、冷餐、自助餐、年夜饭等）。其中，【蓝派中餐套餐】均由蓝派自己的五星级主厨曹大厨现场料理，曹大厨曾为成龙、赵本山、陈小春等名星及政要掌厨服务，手艺堪称一绝！', '3', '10');
INSERT INTO `lanpartyclub_item_detail` VALUES ('15', '周边景点', '国际网球中心、旗忠高尔夫球场、水上运动中心、马术中心、体育中心辅助设施（运动员村、高级酒店及医疗康复中心）、高级会所、上海旗忠森林体育城等。', '4', '10');
INSERT INTO `lanpartyclub_item_detail` VALUES ('16', '营业时间', '日场：11:00 - 当天 22:00；夜场：15:00 - 次日 09:00', '5', '10');
INSERT INTO `lanpartyclub_item_detail` VALUES ('18', '餐标', '请与蓝派客服确认。', '1', '7');
INSERT INTO `lanpartyclub_item_detail` VALUES ('19', '别墅简介', '别墅位于顶级别墅区檀宫别墅内。建筑面积约500平米，坐拥约1500平米的奢侈豪装私人花园。更配有高端室内、室外泳池、SPA休息房等。', '1', '4');
INSERT INTO `lanpartyclub_item_detail` VALUES ('44', '别墅简介', '蓝派圣地亚哥馆位于上海闵行区旗忠高尔夫和上海国际网球中心隔壁。作为庄园式独栋别墅，她的美在于大气、在于品质、在于幽雅、在于懂得生活！建筑面积约500平米，1个大床房，2个超大日式榻榻米，3卫，1厨房，3阳台，坐拥约1000平米的奢侈豪装私人花园，并有优美湖畔环绕。', '0', '15');
INSERT INTO `lanpartyclub_item_detail` VALUES ('45', '别墅简介', '蓝派白金瀚宫馆位于上海浦东的黄金板块迪士尼区域黄金角，交通便利，半小时内即可到达迪士尼乐园和上海浦东国际机场。会所占地面积5000多平方，建筑面积2800平米。公馆拥有室内恒温游泳池、室外全景露台、中西式餐厅、户外BBQ、咖啡厅、瑜伽室、书吧、健身房、桌游房、台球桌、桌式足球、儿童活动室、室外儿童乐园、KTV、商务会议室、红酒雪茄吧、网球场、篮球场、地下停车场。', '0', '16');
INSERT INTO `lanpartyclub_item_detail` VALUES ('46', '娱乐设施', '1. 【1000平超大私人花园草坪】 2. 【法式凉亭】 3. 【Mini高尔夫】 4. 【烧烤设备】 5. 【豪华KTV】 6. 【美式桌球】 7. 【桌式足球】 8.【高级自动麻将机】 9.【XBOX360体感游戏机】 10.【桌游激战】 11.【陶艺梦工厂】', '0', '3');
INSERT INTO `lanpartyclub_item_detail` VALUES ('47', '私人定制', '1. 本别墅适合做： Team Building、私人派对、同学聚会、开学/毕业聚会、好友聚会、公司聚会、公司尾牙、行业交流、高端派对、商务宴请、（微）电影拍摄、婚庆礼仪、节日派对、主题派对、动漫Cosplay、求婚求爱、会议会晤、社团活动、旅游度假、音乐酒会、拓展/破冰游戏等。 2. 蓝派私人定制服务： （1）为您提供专属于您的派对、聚会等策划服务，为您打造终身难忘的生日聚会、企业年会、班级聚会等； （2）由蓝派专业五星级大厨与马勒别墅大厨为您提供专属于您的私人定制大餐（中餐、西餐、冷餐、自助餐、年夜饭等）。其中，【蓝派中餐套餐】均由蓝派自己的五星级主厨曹大厨现场料理，曹大厨曾为成龙、赵本山、陈小春等名星及政要掌厨服务，手艺堪称一绝！', '0', '3');
INSERT INTO `lanpartyclub_item_detail` VALUES ('48', '周边景点', '欢乐谷、玛雅海滩水公园、佘山国家森林公园（上海唯一的自然山林胜地）、月湖雕塑公园、北竿山国际艺术中心、泰晤士小镇、车墩影视基地（上海影视乐园）、辰山植物园、广富林遗址、国家展览中心等。', '0', '3');
INSERT INTO `lanpartyclub_item_detail` VALUES ('49', '营业时间', '日场：11:00 - 当天 22:00；夜场：15:00 - 次日 09:00', '0', '3');
INSERT INTO `lanpartyclub_item_detail` VALUES ('50', '品牌故事', '【蓝派】是沪上唯一一家专注于做【高端】私人别墅派对与专业企业客户服务的【顶级别墅资产管理品牌】。【蓝派】的服务范围包括顶级别墅场地提供、私人订制活动策划、管家服务、餐饮服务、客房服务以及各种娱乐设施等尊贵服务。【蓝派】特别提供蓝派五星级名厨特色私房菜、私人定制法式大餐、延边特色烧烤等业内专属标签服务，并提供英文翻译以及奔驰、宝马、高级商务车等增值贵族专车服务！【蓝派】专注于为客户提供价值5000万至上亿的【顶级花园独栋别墅】及私人订制尊贵服务，实现您真正的【别墅贵族体验】！【蓝派豪华团队】由美国华侨、英国硕士、法国米其林三星级名厨、国内五星级行政主厨以及高学历管家等高等引进人才组成。我们的服务理念：【 The Best Or Nothing ！ 】 一直被模仿，从未被超越！', '0', '3');
INSERT INTO `lanpartyclub_item_detail` VALUES ('51', '娱乐设施', '1. 【1500平私人花园草坪】 2. 【室内外奢华泳池】 3. 【美式台球】 4. 【无烟烧烤设备】 5. 【豪华KTV包房】 6. 【桌式足球】 7. 【高级自动麻将机】 8. 【XBOX360体感游戏机】 9. 【桌游激战】 10.【高端SPA】', '0', '4');
INSERT INTO `lanpartyclub_item_detail` VALUES ('52', '私人定制', '1. 本别墅适合做： Team Building、私人派对、同学聚会、开学/毕业聚会、好友聚会、公司聚会、公司尾牙、行业交流、高端派对、商务宴请、（微）电影拍摄、婚庆礼仪、节日派对、主题派对、动漫Cosplay、求婚求爱、会议会晤、社团活动、旅游度假、音乐酒会、拓展/破冰游戏等。 2. 蓝派私人定制服务： （1）为您提供专属于您的派对、聚会等策划服务，为您打造终身难忘的生日聚会、企业年会、班级聚会等； （2）由蓝派专业五星级大厨与马勒别墅大厨为您提供专属于您的私人定制大餐（中餐、西餐、冷餐、自助餐、年夜饭等）。其中，【蓝派中餐套餐】均由蓝派自己的五星级主厨曹大厨现场料理，曹大厨曾为成龙、赵本山、陈小春等名星及政要掌厨服务，手艺堪称一绝！', '0', '4');
INSERT INTO `lanpartyclub_item_detail` VALUES ('53', '周边景点', '西郊宾馆、上海市动物园等。', '0', '4');
INSERT INTO `lanpartyclub_item_detail` VALUES ('54', '营业时间', '日场：11:00 - 当天 22:00：无夜场。', '0', '4');
INSERT INTO `lanpartyclub_item_detail` VALUES ('55', '品牌故事', '【蓝派】是沪上唯一一家专注于做【高端】私人别墅派对与专业企业客户服务的【顶级别墅资产管理品牌】。【蓝派】的服务范围包括顶级别墅场地提供、私人订制活动策划、管家服务、餐饮服务、客房服务以及各种娱乐设施等尊贵服务。【蓝派】特别提供蓝派五星级名厨特色私房菜、私人定制法式大餐、延边特色烧烤等业内专属标签服务，并提供英文翻译以及奔驰、宝马、高级商务车等增值贵族专车服务！【蓝派】专注于为客户提供价值5000万至上亿的【顶级花园独栋别墅】及私人订制尊贵服务，实现您真正的【别墅贵族体验】！【蓝派豪华团队】由美国华侨、英国硕士、法国米其林三星级名厨、国内五星级行政主厨以及高学历管家等高等引进人才组成。我们的服务理念：【 The Best Or Nothing ！ 】 一直被模仿，从未被超越！', '0', '4');
INSERT INTO `lanpartyclub_item_detail` VALUES ('56', '娱乐设施', '1. 【1200平超大私人花园草坪】 2. 【室外露台】 3. 【美式台球】 4. 【无烟烧烤设备】 5. 【豪华KTV包房】 6. 【桌式足球】 7. 【高级自动麻将机】 8. 【XBOX360体感游戏机】 9. 【桌游激战】 10.【小霸王游戏机】 11.【陶艺梦工厂】', '0', '8');
INSERT INTO `lanpartyclub_item_detail` VALUES ('57', '私人定制', '1. 本别墅适合做： Team Building、私人派对、同学聚会、开学/毕业聚会、好友聚会、公司聚会、公司尾牙、行业交流、高端派对、商务宴请、（微）电影拍摄、婚庆礼仪、节日派对、主题派对、动漫Cosplay、求婚求爱、会议会晤、社团活动、旅游度假、音乐酒会、拓展/破冰游戏等。 2. 蓝派私人定制服务： （1）为您提供专属于您的派对、聚会等策划服务，为您打造终身难忘的生日聚会、企业年会、班级聚会等； （2）由蓝派专业五星级大厨与马勒别墅大厨为您提供专属于您的私人定制大餐（中餐、西餐、冷餐、自助餐、年夜饭等）。其中，【蓝派中餐套餐】均由蓝派自己的五星级主厨曹大厨现场料理，曹大厨曾为成龙、赵本山、陈小春等名星及政要掌厨服务，手艺堪称一绝！', '0', '8');
INSERT INTO `lanpartyclub_item_detail` VALUES ('58', '周边景点', '欢乐谷、玛雅海滩水公园、佘山国家森林公园（上海唯一的自然山林胜地）、月湖雕塑公园、北竿山国际艺术中心、银涛高尔夫、泰晤士小镇、车墩影视基地（上海影视乐园）、辰山植物园、广富林遗址等。', '0', '8');
INSERT INTO `lanpartyclub_item_detail` VALUES ('59', '营业时间', '日场：11:00 - 当天 22:00；夜场：15:00 - 次日 09:00', '0', '8');
INSERT INTO `lanpartyclub_item_detail` VALUES ('60', '品牌故事', '【蓝派】是沪上唯一一家专注于做【高端】私人别墅派对与专业企业客户服务的【顶级别墅资产管理品牌】。【蓝派】的服务范围包括顶级别墅场地提供、私人订制活动策划、管家服务、餐饮服务、客房服务以及各种娱乐设施等尊贵服务。【蓝派】特别提供蓝派五星级名厨特色私房菜、私人定制法式大餐、延边特色烧烤等业内专属标签服务，并提供英文翻译以及奔驰、宝马、高级商务车等增值贵族专车服务！【蓝派】专注于为客户提供价值5000万至上亿的【顶级花园独栋别墅】及私人订制尊贵服务，实现您真正的【别墅贵族体验】！【蓝派豪华团队】由美国华侨、英国硕士、法国米其林三星级名厨、国内五星级行政主厨以及高学历管家等高等引进人才组成。我们的服务理念：【 The Best Or Nothing ！ 】 一直被模仿，从未被超越！', '0', '8');
INSERT INTO `lanpartyclub_item_detail` VALUES ('61', '娱乐设施', '1. 【豪华KTV】 2. 【无烟烧烤设备】 3. 【桌式足球】 4. 【高级自动麻将机】 5. 【XBOX360体感游戏机】 6. 【桌游激战】 7. 【儿童娱乐设施】 8. 【陶艺梦工厂】', '0', '9');
INSERT INTO `lanpartyclub_item_detail` VALUES ('62', '私人定制', '1. 本别墅适合做： Team Building、私人派对、同学聚会、开学/毕业聚会、好友聚会、公司聚会、公司尾牙、行业交流、高端派对、商务宴请、（微）电影拍摄、婚庆礼仪、节日派对、主题派对、动漫Cosplay、求婚求爱、会议会晤、社团活动、旅游度假、音乐酒会、拓展/破冰游戏等。 2. 蓝派私人定制服务： （1）为您提供专属于您的派对、聚会等策划服务，为您打造终身难忘的生日聚会、企业年会、班级聚会等； （2）由蓝派专业五星级大厨与马勒别墅大厨为您提供专属于您的私人定制大餐（中餐、西餐、冷餐、自助餐、年夜饭等）。其中，【蓝派中餐套餐】均由蓝派自己的五星级主厨曹大厨现场料理，曹大厨曾为成龙、赵本山、陈小春等名星及政要掌厨服务，手艺堪称一绝！', '0', '9');
INSERT INTO `lanpartyclub_item_detail` VALUES ('63', '周边景点', '欢乐谷、玛雅海滩水公园、佘山国家森林公园（上海唯一的自然山林胜地）、月湖雕塑公园、北竿山国际艺术中心、泰晤士小镇、车墩影视基地（上海影视乐园）、辰山植物园、广富林遗址等。', '0', '9');
INSERT INTO `lanpartyclub_item_detail` VALUES ('64', '营业时间', '日场：11:00 - 当天 22:00；夜场：15:00 - 次日 09:00', '0', '9');
INSERT INTO `lanpartyclub_item_detail` VALUES ('65', '品牌故事', '【蓝派】是沪上唯一一家专注于做【高端】私人别墅派对与专业企业客户服务的【顶级别墅资产管理品牌】。【蓝派】的服务范围包括顶级别墅场地提供、私人订制活动策划、管家服务、餐饮服务、客房服务以及各种娱乐设施等尊贵服务。【蓝派】特别提供蓝派五星级名厨特色私房菜、私人定制法式大餐、延边特色烧烤等业内专属标签服务，并提供英文翻译以及奔驰、宝马、高级商务车等增值贵族专车服务！【蓝派】专注于为客户提供价值5000万至上亿的【顶级花园独栋别墅】及私人订制尊贵服务，实现您真正的【别墅贵族体验】！【蓝派豪华团队】由美国华侨、英国硕士、法国米其林三星级名厨、国内五星级行政主厨以及高学历管家等高等引进人才组成。我们的服务理念：【 The Best Or Nothing ！ 】 一直被模仿，从未被超越！', '0', '9');
INSERT INTO `lanpartyclub_item_detail` VALUES ('66', '品牌故事', '【蓝派】是沪上唯一一家专注于做【高端】私人别墅派对与专业企业客户服务的【顶级别墅资产管理品牌】。【蓝派】的服务范围包括顶级别墅场地提供、私人订制活动策划、管家服务、餐饮服务、客房服务以及各种娱乐设施等尊贵服务。【蓝派】特别提供蓝派五星级名厨特色私房菜、私人定制法式大餐、延边特色烧烤等业内专属标签服务，并提供英文翻译以及奔驰、宝马、高级商务车等增值贵族专车服务！【蓝派】专注于为客户提供价值5000万至上亿的【顶级花园独栋别墅】及私人订制尊贵服务，实现您真正的【别墅贵族体验】！【蓝派豪华团队】由美国华侨、英国硕士、法国米其林三星级名厨、国内五星级行政主厨以及高学历管家等高等引进人才组成。我们的服务理念：【 The Best Or Nothing ！ 】 一直被模仿，从未被超越！', '0', '10');
INSERT INTO `lanpartyclub_item_detail` VALUES ('67', '娱乐设施', '1. 【1100平超大私人花园草坪】 2. 【凉亭下午茶】 3.【室外SPA泳池】 4.【Mini高尔夫果岭】 5. 【美式台球】 6. 【无烟烧烤设备】 7. 【豪华KTV包房】 8. 【桌式冰球】 9. 【高级自动麻将机】 10.【PS3游戏机】 11.【桌游激战】 12.【德州扑克】 13.【小霸王游戏机】 14.【室外儿童游乐区】', '0', '15');
INSERT INTO `lanpartyclub_item_detail` VALUES ('68', '私人定制', '1. 本别墅适合做： Team Building、私人派对、同学聚会、开学/毕业聚会、好友聚会、公司聚会、公司尾牙、行业交流、高端派对、商务宴请、（微）电影拍摄、婚庆礼仪、节日派对、主题派对、动漫Cosplay、求婚求爱、会议会晤、社团活动、旅游度假、音乐酒会、拓展/破冰游戏等。 2. 蓝派私人定制服务： （1）为您提供专属于您的派对、聚会等策划服务，为您打造终身难忘的生日聚会、企业年会、班级聚会等； （2）由蓝派专业五星级大厨与马勒别墅大厨为您提供专属于您的私人定制大餐（中餐、西餐、冷餐、自助餐、年夜饭等）。其中，【蓝派中餐套餐】均由蓝派自己的五星级主厨曹大厨现场料理，曹大厨曾为成龙、赵本山、陈小春等名星及政要掌厨服务，手艺堪称一绝！', '0', '15');
INSERT INTO `lanpartyclub_item_detail` VALUES ('69', '周边景点', '国际网球中心、旗忠高尔夫球场、水上运动中心、马术中心、体育中心辅助设施（运动员村、高级酒店及医疗康复中心）、高级会所、上海旗忠森林体育城等。', '0', '15');
INSERT INTO `lanpartyclub_item_detail` VALUES ('70', '营业时间', '日场：11:00 - 当天 22:00；夜场：15:00 - 次日 09:00', '0', '15');
INSERT INTO `lanpartyclub_item_detail` VALUES ('71', '品牌故事', '【蓝派】是沪上唯一一家专注于做【高端】私人别墅派对与专业企业客户服务的【顶级别墅资产管理品牌】。【蓝派】的服务范围包括顶级别墅场地提供、私人订制活动策划、管家服务、餐饮服务、客房服务以及各种娱乐设施等尊贵服务。【蓝派】特别提供蓝派五星级名厨特色私房菜、私人定制法式大餐、延边特色烧烤等业内专属标签服务，并提供英文翻译以及奔驰、宝马、高级商务车等增值贵族专车服务！【蓝派】专注于为客户提供价值5000万至上亿的【顶级花园独栋别墅】及私人订制尊贵服务，实现您真正的【别墅贵族体验】！【蓝派豪华团队】由美国华侨、英国硕士、法国米其林三星级名厨、国内五星级行政主厨以及高学历管家等高等引进人才组成。我们的服务理念：【 The Best Or Nothing ！ 】 一直被模仿，从未被超越！', '0', '15');
INSERT INTO `lanpartyclub_item_detail` VALUES ('72', '娱乐设施', '1. 【室内恒温泳池】 2. 【室外露台】 3. 【斯诺克台球】 4. 【烧烤设备】 5. 【豪华KTV包房】 6. 【桌式足球】 7. 【高级自动麻将机】 8.【酒吧台】 9.【咖啡厅/书吧/桌游】 10.【健身房】11.【瑜伽房】12.【儿童娱乐室】', '0', '16');
INSERT INTO `lanpartyclub_item_detail` VALUES ('73', '私人定制', '1. 本别墅适合做： Team Building、私人派对、同学聚会、开学/毕业聚会、好友聚会、公司聚会、公司尾牙、行业交流、高端派对、商务宴请、（微）电影拍摄、婚庆礼仪、节日派对、主题派对、动漫Cosplay、求婚求爱、会议会晤、社团活动、旅游度假、音乐酒会、拓展/破冰游戏等。 2. 蓝派私人定制服务： （1）为您提供专属于您的派对、聚会等策划服务，为您打造终身难忘的生日聚会、企业年会、班级聚会等； （2）由蓝派专业五星级大厨与马勒别墅大厨为您提供专属于您的私人定制大餐（中餐、西餐、冷餐、自助餐、年夜饭等）。其中，【蓝派中餐套餐】均由蓝派自己的五星级主厨曹大厨现场料理，曹大厨曾为成龙、赵本山、陈小春等名星及政要掌厨服务，手艺堪称一绝！', '0', '16');
INSERT INTO `lanpartyclub_item_detail` VALUES ('74', '周边景点', '迪斯尼乐园、上海国际浦东机场等。', '0', '16');
INSERT INTO `lanpartyclub_item_detail` VALUES ('75', '营业时间', '日场：11:00 - 当天 22:00； 夜场：15:00 - 次日9:00', '0', '16');
INSERT INTO `lanpartyclub_item_detail` VALUES ('76', '品牌故事', '【蓝派】是沪上唯一一家专注于做【高端】私人别墅派对与专业企业客户服务的【顶级别墅资产管理品牌】。【蓝派】的服务范围包括顶级别墅场地提供、私人订制活动策划、管家服务、餐饮服务、客房服务以及各种娱乐设施等尊贵服务。【蓝派】特别提供蓝派五星级名厨特色私房菜、私人定制法式大餐、延边特色烧烤等业内专属标签服务，并提供英文翻译以及奔驰、宝马、高级商务车等增值贵族专车服务！【蓝派】专注于为客户提供价值5000万至上亿的【顶级花园独栋别墅】及私人订制尊贵服务，实现您真正的【别墅贵族体验】！【蓝派豪华团队】由美国华侨、英国硕士、法国米其林三星级名厨、国内五星级行政主厨以及高学历管家等高等引进人才组成。我们的服务理念：【 The Best Or Nothing ！ 】 一直被模仿，从未被超越！', '0', '16');
INSERT INTO `lanpartyclub_item_detail` VALUES ('95', '餐标', '蓝派特别提供儿童自助餐、海鲜自助餐、和各类高档中式自助餐。餐标请向蓝派客服咨询。', '0', '44');
INSERT INTO `lanpartyclub_item_detail` VALUES ('99', '餐标', '蓝派全鳄宴由持有专业烹饪鳄鱼执照的蓝派五星大厨现场烹饪。餐标请向蓝派客服咨询。', '0', '45');
INSERT INTO `lanpartyclub_item_detail` VALUES ('102', '价格', '蓝派提供各种专业活动策划服务，具体价格请向蓝派客服咨询。', '0', '55');
INSERT INTO `lanpartyclub_item_detail` VALUES ('106', '价格', '蓝派提供各种专业场地布置服务，具体价格请向蓝派客服咨询。', '0', '59');
INSERT INTO `lanpartyclub_item_detail` VALUES ('107', '价格', '蓝派提供各种专业摄影摄像服务，具体价格请向蓝派客服咨询。', '0', '60');
INSERT INTO `lanpartyclub_item_detail` VALUES ('108', '价格', '蓝派提供专业婚礼一条龙服务，具体价格请向蓝派客服咨询。', '0', '61');
INSERT INTO `lanpartyclub_item_detail` VALUES ('109', '价格', '蓝派特邀美院老师现场教您做陶艺DIY，具体价格请向蓝派客服咨询。', '0', '62');
INSERT INTO `lanpartyclub_item_detail` VALUES ('110', '价格', '蓝派特邀著名五行讲师和您一起探寻五行周易学问之奥妙，具体价格请向蓝派客服咨询。', '0', '63');
INSERT INTO `lanpartyclub_item_detail` VALUES ('111', '别墅简介', '蓝派卢浮宫·极致奢华馆是上海闵行目前“最顶级”的派对轰趴别墅，装修费用近1000万，其所在的别墅区位于闵行区的颛桥版块，是上海最为著名的顶级独栋别墅区之一，众多中国知名企业家与明星皆居住于此。蓝派卢浮宫·极致奢华馆为别墅区中极为稀缺的欧式顶级奢华庄园级别墅，建筑面积约800平米，地上三层，地下一层，坐拥1000平米的奢侈豪装私人花园。', '0', '64');
INSERT INTO `lanpartyclub_item_detail` VALUES ('112', '娱乐设施', '1. 【600平私人花园草坪】 2. 【欧式喷泉】 3.【美式台球】 4. 【无烟烧烤设备】 5. 【豪华KTV】 6. 【高级自动麻将机】 7. 【XBOX360体感游戏机】 8. 【桌游激战】 9. 【功夫茶台】 10.【大型街机】 11.【陶艺梦工厂】（另收费）', '0', '64');
INSERT INTO `lanpartyclub_item_detail` VALUES ('113', '私人定制', '1. 本别墅适合做： Team Building、私人派对、同学聚会、开学/毕业聚会、好友聚会、公司聚会、公司尾牙、行业交流、高端派对、商务宴请、（微）电影拍摄、婚庆礼仪、节日派对、主题派对、动漫Cosplay、求婚求爱、会议会晤、社团活动、旅游度假、音乐酒会、拓展/破冰游戏等。 2. 蓝派私人定制服务： （1）为您提供专属于您的派对、聚会等策划服务，为您打造终身难忘的生日聚会、企业年会、班级聚会等； （2）由蓝派专业五星级大厨与马勒别墅大厨为您提供专属于您的私人定制大餐（中餐、西餐、冷餐、自助餐、年夜饭等）。其中，【蓝派中餐套餐】均由蓝派自己的五星级主厨曹大厨现场料理，曹大厨曾为成龙、赵本山、陈小春等名星及政要掌厨服务，手艺堪称一绝！', '0', '64');
INSERT INTO `lanpartyclub_item_detail` VALUES ('114', '周边景点', '莘庄、南方商城、上海市植物园等。', '0', '64');
INSERT INTO `lanpartyclub_item_detail` VALUES ('115', '营业时间', '日场：11:00 - 当天 22:00：无夜场。', '0', '64');
INSERT INTO `lanpartyclub_item_detail` VALUES ('116', '品牌故事', '【蓝派】是沪上唯一一家专注于做【高端】私人别墅派对与专业企业客户服务的【顶级别墅资产管理品牌】。【蓝派】的服务范围包括顶级别墅场地提供、私人订制活动策划、管家服务、餐饮服务、客房服务以及各种娱乐设施等尊贵服务。【蓝派】特别提供蓝派五星级名厨特色私房菜、私人定制法式大餐、延边特色烧烤等业内专属标签服务，并提供英文翻译以及奔驰、宝马、高级商务车等增值贵族专车服务！【蓝派】专注于为客户提供价值5000万至上亿的【顶级花园独栋别墅】及私人订制尊贵服务，实现您真正的【别墅贵族体验】！【蓝派豪华团队】由美国华侨、英国硕士、法国米其林三星级名厨、国内五星级行政主厨以及高学历管家等高等引进人才组成。我们的服务理念：【 The Best Or Nothing ！ 】 一直被模仿，从未被超越！', '0', '64');
INSERT INTO `lanpartyclub_item_detail` VALUES ('117', '别墅简介', '蓝派夏威夷馆是上海目前唯一“最顶级”的派对轰趴别墅，市价约1个亿，装修费用近1500万，建筑面积约800平米，5房（4个大床房，1个榻榻米房），4厅，4卫，1厨房，坐拥4000平米的奢侈豪装私人花园和露天游泳池。其所在的别墅区位于佘山国家旅游度假区，距佘山仅300米之遥，为上海最顶级的别墅区！', '0', '65');
INSERT INTO `lanpartyclub_item_detail` VALUES ('118', '娱乐设施', '1. 【加州凉亭 夏威夷沙滩椅】 2. 【4000平超大私人花园草坪】 3. 【奢华露天泳池】 4. 【1万平米内湖荷花池】 5. 【别墅优雅垂钓】 6. 【无烟烧烤设备】 7. 【豪华KTV】 8. 【高级放映厅】 9. 【美式桌球】 10.【桌式足球】 11.【2台高级自动麻将机】 12.【XBOX360体感游戏机】 13.【桌游激战】 14.【儿童娱乐设施】 15.【娃娃机】 16.【陶艺梦工厂】', '0', '65');
INSERT INTO `lanpartyclub_item_detail` VALUES ('119', '私人定制', '1. 本别墅适合做： Team Building、私人派对、同学聚会、开学/毕业聚会、好友聚会、公司聚会、公司尾牙、行业交流、高端派对、商务宴请、（微）电影拍摄、婚庆礼仪、节日派对、主题派对、动漫Cosplay、求婚求爱、会议会晤、社团活动、旅游度假、音乐酒会、拓展/破冰游戏等。 2. 蓝派私人定制服务： （1）为您提供专属于您的派对、聚会等策划服务，为您打造终身难忘的生日聚会、企业年会、班级聚会等； （2）由蓝派专业五星级大厨与马勒别墅大厨为您提供专属于您的私人定制大餐（中餐、西餐、冷餐、自助餐、年夜饭等）。其中，【蓝派中餐套餐】均由蓝派自己的五星级主厨曹大厨现场料理，曹大厨曾为成龙、赵本山、陈小春等名星及政要掌厨服务，手艺堪称一绝！', '0', '65');
INSERT INTO `lanpartyclub_item_detail` VALUES ('120', '周边景点', '欢乐谷、玛雅海滩水公园、佘山国家森林公园（上海唯一的自然山林胜地）、月湖雕塑公园、北竿山国际艺术中心、泰晤士小镇、车墩影视基地（上海影视乐园）、辰山植物园、广富林遗址等。', '0', '65');
INSERT INTO `lanpartyclub_item_detail` VALUES ('121', '营业时间', '日场：11:00 - 当天 22:00；夜场：15:00 - 次日 09:00', '0', '65');
INSERT INTO `lanpartyclub_item_detail` VALUES ('122', '品牌故事', '【蓝派】是沪上唯一一家专注于做【高端】私人别墅派对与专业企业客户服务的【顶级别墅资产管理品牌】。【蓝派】的服务范围包括顶级别墅场地提供、私人订制活动策划、管家服务、餐饮服务、客房服务以及各种娱乐设施等尊贵服务。【蓝派】特别提供蓝派五星级名厨特色私房菜、私人定制法式大餐、延边特色烧烤等业内专属标签服务，并提供英文翻译以及奔驰、宝马、高级商务车等增值贵族专车服务！【蓝派】专注于为客户提供价值5000万至上亿的【顶级花园独栋别墅】及私人订制尊贵服务，实现您真正的【别墅贵族体验】！【蓝派豪华团队】由美国华侨、英国硕士、法国米其林三星级名厨、国内五星级行政主厨以及高学历管家等高等引进人才组成。我们的服务理念：【 The Best Or Nothing ！ 】 一直被模仿，从未被超越！', '0', '65');

-- ----------------------------
-- Table structure for `lanpartyclub_item_photo`
-- ----------------------------
DROP TABLE IF EXISTS `lanpartyclub_item_photo`;
CREATE TABLE `lanpartyclub_item_photo` (
  `item_photo_id` int(16) unsigned NOT NULL AUTO_INCREMENT,
  `item_photo_url` varchar(50) NOT NULL,
  `item_id` int(16) unsigned NOT NULL,
  PRIMARY KEY (`item_photo_id`),
  KEY `fk_lanpartyclub_item_photo_lanpartyclub_item` (`item_id`),
  CONSTRAINT `fk_lanpartyclub_item_photo_lanpartyclub_item` FOREIGN KEY (`item_id`) REFERENCES `lanpartyclub_item` (`item_id`) ON DELETE CASCADE ON UPDATE CASCADE
) ENGINE=InnoDB AUTO_INCREMENT=883 DEFAULT CHARSET=utf8;

-- ----------------------------
-- Records of lanpartyclub_item_photo
-- ----------------------------
INSERT INTO `lanpartyclub_item_photo` VALUES ('133', '{2A0E5CB5-9CFF-3360-3CE1-84046F4353CF}.jpg', '4');
INSERT INTO `lanpartyclub_item_photo` VALUES ('136', '{152B7275-A415-082D-4444-859BA2D6630C}.jpg', '4');
INSERT INTO `lanpartyclub_item_photo` VALUES ('308', '{6DC819BE-8A4D-47E8-845F-391091AA59AC}.png', '4');
INSERT INTO `lanpartyclub_item_photo` VALUES ('312', '{25BE24E1-3F2D-D36B-2F20-2D95C3AC62D5}.jpg', '8');
INSERT INTO `lanpartyclub_item_photo` VALUES ('313', '{90EE899C-2FF7-A4AD-46A7-E8B87C655843}.jpg', '8');
INSERT INTO `lanpartyclub_item_photo` VALUES ('314', '{7A402D31-7756-FDE0-17F3-B33337281ADD}.jpg', '8');
INSERT INTO `lanpartyclub_item_photo` VALUES ('317', '{21F70558-489F-BE56-C16F-E632348F11B8}.jpg', '8');
INSERT INTO `lanpartyclub_item_photo` VALUES ('318', '{2EAD2793-19B3-D5C5-9D02-EE5B5CCEF280}.jpg', '8');
INSERT INTO `lanpartyclub_item_photo` VALUES ('319', '{1CD0EB69-81D0-463C-1E92-BC3DDCF7E6FB}.jpg', '8');
INSERT INTO `lanpartyclub_item_photo` VALUES ('323', '{A4DD53CD-8E03-A0AA-4E6B-A2769C49FF9E}.jpg', '8');
INSERT INTO `lanpartyclub_item_photo` VALUES ('324', '{B812AB28-74F5-7734-45F3-FE8082BE4595}.jpg', '8');
INSERT INTO `lanpartyclub_item_photo` VALUES ('325', '{A5EF24C2-CC98-39D7-8F7E-1430B28585E7}.jpg', '8');
INSERT INTO `lanpartyclub_item_photo` VALUES ('326', '{96C4AE5A-D796-8954-5B15-B98E8FEFC706}.jpg', '8');
INSERT INTO `lanpartyclub_item_photo` VALUES ('327', '{4805E6A1-4062-64D1-77FA-3D681CBB0FA6}.jpg', '8');
INSERT INTO `lanpartyclub_item_photo` VALUES ('328', '{8F260E6B-5FF7-9C04-A743-87A470B43431}.jpg', '8');
INSERT INTO `lanpartyclub_item_photo` VALUES ('329', '{B6D95B99-A586-12BF-8B29-12FDA9CF4834}.jpg', '8');
INSERT INTO `lanpartyclub_item_photo` VALUES ('330', '{51D7BA11-FA80-B314-7473-C0348CA154A3}.jpg', '8');
INSERT INTO `lanpartyclub_item_photo` VALUES ('331', '{D3260A91-2D32-D3AF-D7BC-BDB3FB60B488}.jpg', '8');
INSERT INTO `lanpartyclub_item_photo` VALUES ('332', '{C55BBE78-5D55-07D8-3DF2-B7C9EF574E17}.jpg', '8');
INSERT INTO `lanpartyclub_item_photo` VALUES ('333', '{34E0E602-6A44-7C9D-EB0B-93AD2FE9019B}.jpg', '8');
INSERT INTO `lanpartyclub_item_photo` VALUES ('334', '{6AB9047D-FA6C-EDB5-6170-D07B3C5BDC92}.jpg', '8');
INSERT INTO `lanpartyclub_item_photo` VALUES ('335', '{D0AEAF6F-3676-4DC7-558E-5241B5BCCD59}.jpg', '8');
INSERT INTO `lanpartyclub_item_photo` VALUES ('336', '{8AAF4D7A-1558-7300-DA34-3B1C82F38379}.jpg', '8');
INSERT INTO `lanpartyclub_item_photo` VALUES ('337', '{9CD33BA0-247B-CB36-6559-F7363B8BC4D0}.jpg', '8');
INSERT INTO `lanpartyclub_item_photo` VALUES ('338', '{6E06BBD8-D415-2F2B-C7E7-1AD41EBE53F0}.jpg', '8');
INSERT INTO `lanpartyclub_item_photo` VALUES ('339', '{10245EEB-3DA4-7A28-DCF1-E1FB378583A6}.jpg', '8');
INSERT INTO `lanpartyclub_item_photo` VALUES ('340', '{F259FCAE-0166-C31B-DF3D-924178E2FF9C}.jpg', '8');
INSERT INTO `lanpartyclub_item_photo` VALUES ('341', '{5447A154-766F-7751-B27C-6779DEB2EEA9}.jpg', '8');
INSERT INTO `lanpartyclub_item_photo` VALUES ('357', '{EA57702D-34EC-832D-1A4A-9CDD3B0B905E}.jpg', '8');
INSERT INTO `lanpartyclub_item_photo` VALUES ('359', '{83CB1712-7893-5C6C-546E-52CB0CF28858}.jpg', '8');
INSERT INTO `lanpartyclub_item_photo` VALUES ('360', '{354B81B1-9AE8-BB6D-C6BA-64B27B8DA6BA}.jpg', '8');
INSERT INTO `lanpartyclub_item_photo` VALUES ('418', '{ED610DB5-BB46-AEAE-488E-587955D087E3}.jpg', '9');
INSERT INTO `lanpartyclub_item_photo` VALUES ('419', '{59C96F22-4E76-BA56-7119-54B34962A70E}.jpg', '9');
INSERT INTO `lanpartyclub_item_photo` VALUES ('421', '{2B1D7A35-2D55-C4BA-DBEB-FC9F72FBFBA9}.jpg', '9');
INSERT INTO `lanpartyclub_item_photo` VALUES ('422', '{384FD3A2-956B-D1A0-F12F-7F8F0328096F}.jpg', '9');
INSERT INTO `lanpartyclub_item_photo` VALUES ('429', '{2A33ADB8-8459-B3D3-F0D7-CF6207156BE3}.jpg', '9');
INSERT INTO `lanpartyclub_item_photo` VALUES ('431', '{A9CB64B9-C13C-7318-5665-415FC40DB97A}.jpg', '9');
INSERT INTO `lanpartyclub_item_photo` VALUES ('432', '{9A48E214-F331-39E0-30DB-785AA5A87A8B}.jpg', '9');
INSERT INTO `lanpartyclub_item_photo` VALUES ('436', '{4C453F35-2D6C-9FFE-9256-B076C330654D}.jpg', '9');
INSERT INTO `lanpartyclub_item_photo` VALUES ('437', '{730673F6-41DD-6069-A3E6-3B269FF6A3B6}.jpg', '9');
INSERT INTO `lanpartyclub_item_photo` VALUES ('438', '{B77FED46-28E5-3558-B640-8A0FCF63CB16}.jpg', '9');
INSERT INTO `lanpartyclub_item_photo` VALUES ('439', '{F382668A-2876-3C16-A6C5-4164AACF83F9}.jpg', '9');
INSERT INTO `lanpartyclub_item_photo` VALUES ('440', '{7E255B08-50F3-A34D-D6C2-979550BCE1AD}.jpg', '9');
INSERT INTO `lanpartyclub_item_photo` VALUES ('441', '{E93AB913-640B-22A9-095D-2EAC6303CE96}.jpg', '9');
INSERT INTO `lanpartyclub_item_photo` VALUES ('442', '{C5B15069-C892-0537-A859-31C6C7340B20}.jpg', '9');
INSERT INTO `lanpartyclub_item_photo` VALUES ('443', '{D3771B00-28A5-27CC-715E-2459C00F29C6}.jpg', '9');
INSERT INTO `lanpartyclub_item_photo` VALUES ('444', '{A3515489-33D2-180C-7754-EE495F8AFFC8}.jpg', '9');
INSERT INTO `lanpartyclub_item_photo` VALUES ('445', '{022D7E27-E44F-9468-6207-C073B070AA3F}.jpg', '9');
INSERT INTO `lanpartyclub_item_photo` VALUES ('447', '{7F489C76-A714-A7C4-9D1B-F849402F665F}.jpg', '9');
INSERT INTO `lanpartyclub_item_photo` VALUES ('448', '{D1628D97-A2B5-816C-A939-B1BFA4A7A65C}.jpg', '9');
INSERT INTO `lanpartyclub_item_photo` VALUES ('449', '{BEA5A79A-F7BF-642F-9D2D-5CCE013C1458}.jpg', '9');
INSERT INTO `lanpartyclub_item_photo` VALUES ('451', '{76F03CA0-329B-1C9E-A1E5-B8B88B6127BC}.jpg', '10');
INSERT INTO `lanpartyclub_item_photo` VALUES ('453', '{6C01B6A1-2425-61CE-1A06-92942F9C8F5A}.jpg', '10');
INSERT INTO `lanpartyclub_item_photo` VALUES ('455', '{3B435C37-6D92-CAD4-E11D-3663424AFF81}.jpg', '10');
INSERT INTO `lanpartyclub_item_photo` VALUES ('457', '{63D4BAB4-CF25-C212-63C4-FA5F7B0B4678}.jpg', '10');
INSERT INTO `lanpartyclub_item_photo` VALUES ('458', '{6F9ED45F-9289-6C21-2F8F-D66E3F48D6C7}.jpg', '10');
INSERT INTO `lanpartyclub_item_photo` VALUES ('459', '{79E317AD-769E-0634-8770-5CA75BD80D9F}.jpg', '10');
INSERT INTO `lanpartyclub_item_photo` VALUES ('460', '{3F119373-2F46-006A-1F24-AC0311159B5D}.jpg', '10');
INSERT INTO `lanpartyclub_item_photo` VALUES ('462', '{EA325D7B-31B4-F47D-D86F-EE3DD3E9AD53}.jpg', '10');
INSERT INTO `lanpartyclub_item_photo` VALUES ('464', '{69AA1748-CDC9-9439-2B4E-EC0844BD0AF5}.jpg', '10');
INSERT INTO `lanpartyclub_item_photo` VALUES ('465', '{A7B3C09C-F97A-81C6-6362-28E7D3ECE0A8}.jpg', '10');
INSERT INTO `lanpartyclub_item_photo` VALUES ('467', '{976B73AB-F8B5-7734-24C6-23A5CE0A8DE2}.jpg', '10');
INSERT INTO `lanpartyclub_item_photo` VALUES ('469', '{BB976405-4E7A-A685-C6E4-DF0481E9E8B4}.jpg', '10');
INSERT INTO `lanpartyclub_item_photo` VALUES ('470', '{A809CD8B-F5DA-296E-B8C8-6456752DC0F0}.jpg', '10');
INSERT INTO `lanpartyclub_item_photo` VALUES ('471', '{F6ECBA6D-0C0E-5BEA-24FA-C76EEAC0FC57}.jpg', '10');
INSERT INTO `lanpartyclub_item_photo` VALUES ('474', '{CDBF2E3C-9586-B52A-85CC-EA4B2FB7F24A}.jpg', '10');
INSERT INTO `lanpartyclub_item_photo` VALUES ('475', '{EAD95ABD-B01A-3DAA-DA03-0EEAB613DF57}.jpg', '10');
INSERT INTO `lanpartyclub_item_photo` VALUES ('477', '{4EAD9D90-76A4-12DC-E431-DCAD5B5DF8AA}.jpg', '15');
INSERT INTO `lanpartyclub_item_photo` VALUES ('479', '{0D992133-7138-0016-5D71-4911E948E5B8}.jpg', '15');
INSERT INTO `lanpartyclub_item_photo` VALUES ('480', '{BE62FEAE-B475-3787-38E4-24434E09D1DF}.jpg', '15');
INSERT INTO `lanpartyclub_item_photo` VALUES ('481', '{381F0537-DA26-57BB-26CB-832561461175}.jpg', '15');
INSERT INTO `lanpartyclub_item_photo` VALUES ('482', '{DF0AE953-38BF-2AE8-03CB-1E69FAC2E361}.jpg', '15');
INSERT INTO `lanpartyclub_item_photo` VALUES ('483', '{44EF8717-9AAB-2F23-1B87-524CB4D9063F}.jpg', '15');
INSERT INTO `lanpartyclub_item_photo` VALUES ('484', '{4B5FABD5-9101-41EA-18D4-41684772B4C9}.jpg', '15');
INSERT INTO `lanpartyclub_item_photo` VALUES ('485', '{52B7163B-CA9F-8283-D949-4D35FD36FDC9}.jpg', '15');
INSERT INTO `lanpartyclub_item_photo` VALUES ('486', '{C53BC18F-8161-3645-AE20-F2F6A564F200}.jpg', '15');
INSERT INTO `lanpartyclub_item_photo` VALUES ('487', '{8B53123C-B555-A0F6-9D13-D7E95E4B3BEB}.jpg', '15');
INSERT INTO `lanpartyclub_item_photo` VALUES ('488', '{D83C9A45-E436-2AE5-0670-087B92AE8368}.jpg', '15');
INSERT INTO `lanpartyclub_item_photo` VALUES ('489', '{2C49F15A-83F8-7FEF-643D-1BB9FA20CF55}.jpg', '15');
INSERT INTO `lanpartyclub_item_photo` VALUES ('490', '{F67DDF29-C701-CEE8-83F8-F0284FD26D8E}.jpg', '15');
INSERT INTO `lanpartyclub_item_photo` VALUES ('491', '{A310D953-72CE-6DD9-043F-0383C137BBB0}.jpg', '15');
INSERT INTO `lanpartyclub_item_photo` VALUES ('492', '{620DBF0D-68A5-BC18-76DF-A47567F10C80}.jpg', '15');
INSERT INTO `lanpartyclub_item_photo` VALUES ('493', '{B5DB5633-45AA-210D-B126-B8CBC09A1B69}.jpg', '15');
INSERT INTO `lanpartyclub_item_photo` VALUES ('494', '{973C4770-85A2-EDB5-570D-F5B796E2925B}.jpg', '15');
INSERT INTO `lanpartyclub_item_photo` VALUES ('495', '{F6C704C3-DE40-E425-8DC6-0D3E27824D2F}.jpg', '15');
INSERT INTO `lanpartyclub_item_photo` VALUES ('496', '{7907838A-DEE4-2FEC-4BC3-54D1193961A0}.jpg', '15');
INSERT INTO `lanpartyclub_item_photo` VALUES ('497', '{986EA3A6-FC10-BDB6-7A30-7446CABCE56B}.jpg', '15');
INSERT INTO `lanpartyclub_item_photo` VALUES ('498', '{39A4E029-3396-1BC4-C375-001A1E31661B}.jpg', '15');
INSERT INTO `lanpartyclub_item_photo` VALUES ('565', '{79CA8C22-5084-DD41-B769-E8397D92CA2E}.jpg', '4');
INSERT INTO `lanpartyclub_item_photo` VALUES ('566', '{42A6CAAF-E7D9-7A10-3F1C-6D3E7782F0E8}.jpg', '4');
INSERT INTO `lanpartyclub_item_photo` VALUES ('567', '{391DE7EF-F07E-E499-7EC1-B00CCEDE2C10}.jpg', '4');
INSERT INTO `lanpartyclub_item_photo` VALUES ('568', '{390E8D35-E2FB-BAD5-C28E-33C3F0925723}.jpg', '4');
INSERT INTO `lanpartyclub_item_photo` VALUES ('569', '{DF23A782-E735-E59A-2A3D-F6745BA4A7AD}.jpg', '4');
INSERT INTO `lanpartyclub_item_photo` VALUES ('570', '{D765D6F5-97DE-0A45-58D0-B7172CECBDB9}.jpg', '4');
INSERT INTO `lanpartyclub_item_photo` VALUES ('571', '{9CD5B795-E858-4B08-FE63-D4C77E5ECEED}.jpg', '4');
INSERT INTO `lanpartyclub_item_photo` VALUES ('572', '{C58B3E22-147B-EFC3-74CE-E3B9C893A764}.jpg', '4');
INSERT INTO `lanpartyclub_item_photo` VALUES ('573', '{63F9B113-2BB7-C729-9B6F-FBC96F755E79}.jpg', '2');
INSERT INTO `lanpartyclub_item_photo` VALUES ('574', '{DED0B466-630E-CA10-12C6-B3C33F451FD7}.jpg', '2');
INSERT INTO `lanpartyclub_item_photo` VALUES ('575', '{99923B9C-4325-555C-89C6-13AB149616CD}.jpg', '2');
INSERT INTO `lanpartyclub_item_photo` VALUES ('576', '{7C85BC96-E79C-9552-43C5-C554CDDC9827}.jpg', '2');
INSERT INTO `lanpartyclub_item_photo` VALUES ('577', '{93F575A7-B1DA-2A68-9BFB-2AB67D61FEDA}.jpg', '2');
INSERT INTO `lanpartyclub_item_photo` VALUES ('578', '{3C7BF126-1E20-FB69-6EC0-026A48DF6CB5}.jpg', '2');
INSERT INTO `lanpartyclub_item_photo` VALUES ('580', '{D35E7FDA-0E20-FA85-FD13-1A00EBC88501}.jpg', '2');
INSERT INTO `lanpartyclub_item_photo` VALUES ('581', '{C35E75BF-E01C-3CAB-46C3-5AE1810F289D}.jpg', '2');
INSERT INTO `lanpartyclub_item_photo` VALUES ('582', '{574FC287-4A63-7D6B-B99F-74926E9F2D6B}.jpg', '2');
INSERT INTO `lanpartyclub_item_photo` VALUES ('583', '{9308DBBA-CBC0-870C-33F1-0F24927561CC}.jpg', '2');
INSERT INTO `lanpartyclub_item_photo` VALUES ('584', '{4035EA26-F091-6E24-3ACA-AB2C030EB143}.jpg', '2');
INSERT INTO `lanpartyclub_item_photo` VALUES ('585', '{E60BDFF8-6678-46BB-00B1-F3230604B49E}.jpg', '2');
INSERT INTO `lanpartyclub_item_photo` VALUES ('586', '{14A41C2D-8262-F632-3A29-B68D3B36FFE7}.jpg', '2');
INSERT INTO `lanpartyclub_item_photo` VALUES ('587', '{F690398E-B1C6-30C0-539A-D7A5BB253D41}.jpg', '2');
INSERT INTO `lanpartyclub_item_photo` VALUES ('588', '{3E838769-E595-1FA0-E57D-C04694CC1442}.jpg', '2');
INSERT INTO `lanpartyclub_item_photo` VALUES ('589', '{673F240C-4DEE-49FB-5B98-F842B85BF58E}.jpg', '2');
INSERT INTO `lanpartyclub_item_photo` VALUES ('590', '{1229850D-915A-BAF4-6133-4755CEC3D01D}.jpg', '7');
INSERT INTO `lanpartyclub_item_photo` VALUES ('591', '{1F33359E-29D6-70A6-C35C-6A8CF62F8F2A}.jpg', '7');
INSERT INTO `lanpartyclub_item_photo` VALUES ('593', '{A11D2262-84D8-DD50-FEE8-C8C8A88A0562}.jpg', '18');
INSERT INTO `lanpartyclub_item_photo` VALUES ('594', '{55EC5BC5-DFBB-FC1B-FDAA-8877D7A9B2BE}.jpg', '18');
INSERT INTO `lanpartyclub_item_photo` VALUES ('595', '{F4DF9315-42C3-6DBD-F8D1-24A40B5DBA84}.jpg', '19');
INSERT INTO `lanpartyclub_item_photo` VALUES ('659', '{31AC026A-254E-8A3A-C2AD-0A82751F27E0}.jpg', '3');
INSERT INTO `lanpartyclub_item_photo` VALUES ('660', '{4F1FE242-77A8-CDFB-DC26-A7D9E502EBF7}.jpg', '3');
INSERT INTO `lanpartyclub_item_photo` VALUES ('732', '{AF8119E5-A87F-C834-89A5-BD2AC58E7BEC}.jpg', '44');
INSERT INTO `lanpartyclub_item_photo` VALUES ('733', '{860C587E-8F11-DD94-F4C2-8B80BA1945D4}.jpg', '44');
INSERT INTO `lanpartyclub_item_photo` VALUES ('748', '{B267E2D7-0D5F-2AFC-0E9D-6FBE176E99D1}.png', '45');
INSERT INTO `lanpartyclub_item_photo` VALUES ('764', '{45983D50-4035-4909-13E1-412F2E16B3D3}.jpg', '16');
INSERT INTO `lanpartyclub_item_photo` VALUES ('765', '{C24234D5-B7A9-475A-C841-7874A8D4C186}.jpg', '16');
INSERT INTO `lanpartyclub_item_photo` VALUES ('766', '{2397877A-61BB-DA56-613E-A3FDD8012A73}.jpg', '16');
INSERT INTO `lanpartyclub_item_photo` VALUES ('768', '{929E947F-2A82-CF0A-51E3-E9438F40D722}.jpg', '16');
INSERT INTO `lanpartyclub_item_photo` VALUES ('769', '{20CA899E-41E4-3FBE-1224-C3EFF15951F9}.jpg', '16');
INSERT INTO `lanpartyclub_item_photo` VALUES ('770', '{54D093C4-522E-6F48-5038-1399F4A8CE3E}.jpg', '16');
INSERT INTO `lanpartyclub_item_photo` VALUES ('771', '{7EEAFAD4-6A01-1E90-E8A4-1697F12FD18B}.jpg', '16');
INSERT INTO `lanpartyclub_item_photo` VALUES ('772', '{C96362EF-53EA-F07C-4511-3339B38B712B}.jpg', '16');
INSERT INTO `lanpartyclub_item_photo` VALUES ('773', '{F1BE411E-52EE-456B-CDEA-72A475D2B6C0}.jpg', '16');
INSERT INTO `lanpartyclub_item_photo` VALUES ('774', '{9676F262-BA85-6134-2B8A-FFA2E84852AA}.jpg', '16');
INSERT INTO `lanpartyclub_item_photo` VALUES ('775', '{9F30807D-7739-4C4F-5529-954D73A38917}.jpg', '16');
INSERT INTO `lanpartyclub_item_photo` VALUES ('776', '{01FBDA8C-C0CA-5F7F-12A7-1F6C7621DC02}.jpg', '16');
INSERT INTO `lanpartyclub_item_photo` VALUES ('777', '{7377AA7C-8C80-A369-40A8-6717D124C9C9}.jpg', '16');
INSERT INTO `lanpartyclub_item_photo` VALUES ('778', '{21443C50-2586-2CA3-1DE5-C85DF80E0666}.jpg', '16');
INSERT INTO `lanpartyclub_item_photo` VALUES ('792', '{A7F1A951-5154-547F-4334-D64AEA2D30CD}.jpg', '55');
INSERT INTO `lanpartyclub_item_photo` VALUES ('816', '{0B19336B-6BCF-541E-C40B-A858D0EF1212}.png', '62');
INSERT INTO `lanpartyclub_item_photo` VALUES ('820', '{66C33985-6A04-44D1-5C12-409ADC0635B9}.jpg', '61');
INSERT INTO `lanpartyclub_item_photo` VALUES ('829', '{B6650B57-D109-C582-48FB-87C727CB692A}.jpg', '59');
INSERT INTO `lanpartyclub_item_photo` VALUES ('833', '{1E846CAB-B240-8148-E79E-BDAA25B2B763}.png', '60');
INSERT INTO `lanpartyclub_item_photo` VALUES ('836', '{2A5C8DAC-A591-7493-7975-D84C65F86B5D}.png', '63');
INSERT INTO `lanpartyclub_item_photo` VALUES ('837', '{F38BD796-4EAC-07B4-F414-E2E60FEC7C31}.jpg', '64');
INSERT INTO `lanpartyclub_item_photo` VALUES ('838', '{3DE94B38-CF6D-8861-9E8C-E84F9A46B12A}.jpg', '65');
INSERT INTO `lanpartyclub_item_photo` VALUES ('840', '{79D9EBC5-A734-6084-1187-1312A9FA9DCD}.jpg', '65');
INSERT INTO `lanpartyclub_item_photo` VALUES ('841', '{52259518-CDD5-371D-4E8E-F8230BFCB40E}.jpg', '65');
INSERT INTO `lanpartyclub_item_photo` VALUES ('842', '{6316D2E7-A533-8776-CF87-BBFE11655E2C}.jpg', '65');
INSERT INTO `lanpartyclub_item_photo` VALUES ('843', '{A52CAEEB-5315-2B67-22B9-5D93BB36A63F}.jpg', '65');
INSERT INTO `lanpartyclub_item_photo` VALUES ('844', '{F080E76E-0A7D-2431-9FAD-FF1D56BC1125}.jpg', '65');
INSERT INTO `lanpartyclub_item_photo` VALUES ('845', '{E7ABF8D4-1127-C064-EF0D-BC8C4A9C7575}.jpg', '65');
INSERT INTO `lanpartyclub_item_photo` VALUES ('846', '{CF9EC9E6-BA0D-E1CF-A2FA-34E6A04F6B6C}.jpg', '65');
INSERT INTO `lanpartyclub_item_photo` VALUES ('847', '{500F652F-338C-928C-22D6-AAFDFAD3B1BD}.jpg', '65');
INSERT INTO `lanpartyclub_item_photo` VALUES ('848', '{6529F7C1-2D63-0651-ED8B-F6F788609CE3}.jpg', '65');
INSERT INTO `lanpartyclub_item_photo` VALUES ('849', '{3B9B3872-2A68-A2EA-A3C1-2B3DCDAB739C}.jpg', '65');
INSERT INTO `lanpartyclub_item_photo` VALUES ('850', '{6786C6E0-05EA-F7F0-3125-F9CB1CC185D8}.jpg', '65');
INSERT INTO `lanpartyclub_item_photo` VALUES ('851', '{638C2474-3F6E-2F79-38F1-70C9795EF600}.jpg', '65');
INSERT INTO `lanpartyclub_item_photo` VALUES ('852', '{FA9DFFD8-4D11-BD90-B521-2052CF14A6E3}.jpg', '65');
INSERT INTO `lanpartyclub_item_photo` VALUES ('853', '{FD8683F9-883A-B35C-2780-751B0A936B68}.jpg', '65');
INSERT INTO `lanpartyclub_item_photo` VALUES ('854', '{5E634A50-D03D-E5D6-C162-1002B856A446}.jpg', '3');
INSERT INTO `lanpartyclub_item_photo` VALUES ('855', '{4795A326-EF9D-9BC9-9013-061509F716B4}.jpg', '3');
INSERT INTO `lanpartyclub_item_photo` VALUES ('856', '{BE10F379-3170-1575-B8E0-F85851ADE13A}.jpg', '3');
INSERT INTO `lanpartyclub_item_photo` VALUES ('857', '{F6EF5143-E204-5ACC-C1E4-813547C02392}.jpg', '3');
INSERT INTO `lanpartyclub_item_photo` VALUES ('858', '{5351BE22-43D0-39B3-5392-F9144593131F}.jpg', '3');
INSERT INTO `lanpartyclub_item_photo` VALUES ('859', '{41F0252E-0012-E227-734F-19AFB99739B9}.jpg', '3');
INSERT INTO `lanpartyclub_item_photo` VALUES ('860', '{CEBC472C-62E8-2B33-FDB9-9BF8A072D06E}.jpg', '3');
INSERT INTO `lanpartyclub_item_photo` VALUES ('861', '{2CF4FEE1-AD98-DD3A-C3A4-DDC83CB657F5}.jpg', '3');
INSERT INTO `lanpartyclub_item_photo` VALUES ('862', '{B0A693A9-97A4-40C7-D09B-BE84ED81C6E4}.jpg', '3');
INSERT INTO `lanpartyclub_item_photo` VALUES ('863', '{95773237-6329-8AD7-2FAA-C3CFC9436F43}.jpg', '3');
INSERT INTO `lanpartyclub_item_photo` VALUES ('864', '{A975E76C-8A64-FA7E-7E85-41FDD325367C}.jpg', '3');
INSERT INTO `lanpartyclub_item_photo` VALUES ('865', '{6F841810-A5B2-C9F8-0D34-AB8F6E4E4E2A}.jpg', '3');
INSERT INTO `lanpartyclub_item_photo` VALUES ('866', '{65F7FD15-739B-2E8A-8B71-80A7235C9244}.jpg', '3');
INSERT INTO `lanpartyclub_item_photo` VALUES ('867', '{FF1E6D54-94BC-D4D8-226E-5DBEC69E9E8B}.jpg', '3');
INSERT INTO `lanpartyclub_item_photo` VALUES ('868', '{98A3283D-8A99-D4D3-0677-D581CBCFB0C6}.jpg', '3');
INSERT INTO `lanpartyclub_item_photo` VALUES ('869', '{FCCB1387-3D28-676E-9493-485DB9A3C7CF}.jpg', '3');
INSERT INTO `lanpartyclub_item_photo` VALUES ('870', '{DEF651F6-17BD-F012-24DC-994BBDA3BF2F}.jpg', '3');
INSERT INTO `lanpartyclub_item_photo` VALUES ('871', '{0BBEDB81-5FE6-3CDF-2AF0-907924ED3873}.jpg', '3');
INSERT INTO `lanpartyclub_item_photo` VALUES ('872', '{4309A1B3-EEC7-36B0-A635-20E5C37B1B0D}.jpg', '3');
INSERT INTO `lanpartyclub_item_photo` VALUES ('873', '{99536DF2-4B77-B935-284B-7DF263910671}.jpg', '3');
INSERT INTO `lanpartyclub_item_photo` VALUES ('874', '{17FE92C3-CDE1-E5AC-74B8-C2FFFA0D1547}.jpg', '3');
INSERT INTO `lanpartyclub_item_photo` VALUES ('875', '{2E269FC2-0531-D689-95DE-2F943E209879}.jpg', '3');
INSERT INTO `lanpartyclub_item_photo` VALUES ('876', '{6C2FAA66-3EBA-4D28-47B2-4560DD9F7096}.jpg', '3');
INSERT INTO `lanpartyclub_item_photo` VALUES ('877', '{362E10EE-783D-7BB3-D32E-A4C49DF3B513}.jpg', '3');
INSERT INTO `lanpartyclub_item_photo` VALUES ('878', '{E138A8CC-4C59-D9A0-84DA-155863188900}.jpg', '3');
INSERT INTO `lanpartyclub_item_photo` VALUES ('879', '{CBB61EDE-FB22-49DB-1C8F-9B12C2C4BEC2}.jpg', '3');
INSERT INTO `lanpartyclub_item_photo` VALUES ('880', '{55396CDE-B9FC-33C0-3387-C43834A7BDF1}.jpg', '3');
INSERT INTO `lanpartyclub_item_photo` VALUES ('881', '{7A5700C7-26B3-E0F7-F090-A285EFE77168}.jpg', '3');
INSERT INTO `lanpartyclub_item_photo` VALUES ('882', '{A21E8AE8-2957-6971-87BC-95DDE04061C1}.jpg', '4');

-- ----------------------------
-- Table structure for `lanpartyclub_photo`
-- ----------------------------
DROP TABLE IF EXISTS `lanpartyclub_photo`;
CREATE TABLE `lanpartyclub_photo` (
  `photo_id` int(16) unsigned NOT NULL AUTO_INCREMENT,
  `photo_url` varchar(50) NOT NULL DEFAULT 'default.jpg',
  `album_id` int(16) unsigned NOT NULL,
  PRIMARY KEY (`photo_id`),
  KEY `fk_lanpartyclub_photo_lanpartyclub_album` (`album_id`),
  CONSTRAINT `fk_lanpartyclub_photo_lanpartyclub_album` FOREIGN KEY (`album_id`) REFERENCES `lanpartyclub_album` (`album_id`) ON DELETE CASCADE ON UPDATE CASCADE
) ENGINE=InnoDB AUTO_INCREMENT=102 DEFAULT CHARSET=utf8;

-- ----------------------------
-- Records of lanpartyclub_photo
-- ----------------------------
INSERT INTO `lanpartyclub_photo` VALUES ('1', '{665CB01E-1EBE-CAE9-3310-F512E64CA44A}.jpg', '1');
INSERT INTO `lanpartyclub_photo` VALUES ('2', '{6CB947C4-6D1F-AF72-F751-9631EB226C77}.jpg', '1');
INSERT INTO `lanpartyclub_photo` VALUES ('3', '{1E2DC488-1691-92C6-E754-39492EED5715}.jpg', '1');
INSERT INTO `lanpartyclub_photo` VALUES ('4', '{A67749F1-563A-060C-08C1-CC837F8A5A05}.jpg', '1');
INSERT INTO `lanpartyclub_photo` VALUES ('5', '{39333CBE-096F-7B23-96C8-2DF98A9B4567}.jpg', '1');
INSERT INTO `lanpartyclub_photo` VALUES ('8', '{328DF6CE-13E8-A93B-D9CB-F5D4A5BE2246}.jpg', '4');
INSERT INTO `lanpartyclub_photo` VALUES ('11', '{F3AD8A9F-C37E-B3A9-300F-75DF8AFD72C9}.jpg', '5');
INSERT INTO `lanpartyclub_photo` VALUES ('12', '{E457CEDC-C6E2-9D6D-CC89-477B3874EAC4}.jpg', '5');
INSERT INTO `lanpartyclub_photo` VALUES ('14', '{2F9FF80D-B2AE-6C0A-B8A0-5B18E8639061}.jpg', '2');
INSERT INTO `lanpartyclub_photo` VALUES ('15', '{0762E6B4-05AD-1841-CF68-E74D39D19CC8}.jpg', '2');
INSERT INTO `lanpartyclub_photo` VALUES ('16', '{5E8039AB-57D8-8097-4477-1AEDE87808A8}.jpg', '2');
INSERT INTO `lanpartyclub_photo` VALUES ('26', '{9E1217D9-A44D-D8A6-D4CE-AA8182C254AB}.jpg', '1');
INSERT INTO `lanpartyclub_photo` VALUES ('27', '{00A4018C-2103-50CC-C260-A527E7E0A270}.jpg', '1');
INSERT INTO `lanpartyclub_photo` VALUES ('28', '{BA9EEA30-A1FE-4CC6-C1B4-031A2A0A092C}.jpg', '2');
INSERT INTO `lanpartyclub_photo` VALUES ('29', '{51CF0F74-8D8C-E451-BE33-B9B57E71C9A4}.jpg', '2');
INSERT INTO `lanpartyclub_photo` VALUES ('30', '{5319C838-454E-7128-1CDC-07CC77C1441A}.jpg', '2');
INSERT INTO `lanpartyclub_photo` VALUES ('31', '{7DFA1198-9E38-6836-F881-C9EAB117AC15}.jpg', '2');
INSERT INTO `lanpartyclub_photo` VALUES ('32', '{84CFF908-8C1B-0933-14A9-57E0A8F0A046}.jpg', '2');
INSERT INTO `lanpartyclub_photo` VALUES ('33', '{66E4CAB0-E34E-4158-4181-9B461F9BE7A0}.jpg', '2');
INSERT INTO `lanpartyclub_photo` VALUES ('40', '{30A8E998-8E2F-895D-2529-BAE8FD068DDF}.jpg', '2');
INSERT INTO `lanpartyclub_photo` VALUES ('41', '{B7A5071A-6855-C655-FDD4-6BE71AC9480E}.jpg', '2');
INSERT INTO `lanpartyclub_photo` VALUES ('42', '{6507A6C4-2990-3EE1-BFB5-E960F06416BA}.jpg', '2');
INSERT INTO `lanpartyclub_photo` VALUES ('43', '{0070233E-9558-3C69-0622-14CDCC43A354}.jpg', '2');
INSERT INTO `lanpartyclub_photo` VALUES ('44', '{A244E489-C6CE-B583-C28F-4634E2DD331F}.jpg', '3');
INSERT INTO `lanpartyclub_photo` VALUES ('45', '{DD2BF46C-C9F6-B64A-F9E8-3B069D0AB2DE}.jpg', '3');
INSERT INTO `lanpartyclub_photo` VALUES ('46', '{F1399732-7CF9-8825-64D7-BAE2358F7E3E}.jpg', '3');
INSERT INTO `lanpartyclub_photo` VALUES ('47', '{EE0B843D-A218-0127-2E6B-7C8987386510}.jpg', '3');
INSERT INTO `lanpartyclub_photo` VALUES ('48', '{A4453450-9865-C04C-7613-92CC9224E4AC}.jpg', '3');
INSERT INTO `lanpartyclub_photo` VALUES ('50', '{30DBE18D-D09D-BB26-EA3D-B0C519716BA3}.jpg', '3');
INSERT INTO `lanpartyclub_photo` VALUES ('51', '{C5447357-187E-125E-3B7F-F46606BBD883}.jpg', '3');
INSERT INTO `lanpartyclub_photo` VALUES ('52', '{24FE0FE7-91C1-D62A-FAC4-DE2ACAE90A4F}.jpg', '3');
INSERT INTO `lanpartyclub_photo` VALUES ('54', '{B2124010-DF67-ECE1-662A-70491C9FA942}.jpg', '3');
INSERT INTO `lanpartyclub_photo` VALUES ('55', '{968849D3-BFB3-9C34-DCFB-4E70DACFF23A}.jpg', '3');
INSERT INTO `lanpartyclub_photo` VALUES ('56', '{9E2BE645-D05F-4D71-5826-DA30A4BFF9A0}.jpg', '3');
INSERT INTO `lanpartyclub_photo` VALUES ('57', '{426DFD33-50C6-E4B2-603F-7F10053A4F14}.jpg', '3');
INSERT INTO `lanpartyclub_photo` VALUES ('58', '{F2F96B1E-581C-A8FD-4D24-181282E9866C}.jpg', '3');
INSERT INTO `lanpartyclub_photo` VALUES ('59', '{83F7DFA9-DA64-92A7-DFD9-17F49C313F6D}.jpg', '3');
INSERT INTO `lanpartyclub_photo` VALUES ('60', '{9C537C0E-4ADD-2DA0-D868-B9A915842E62}.jpg', '3');
INSERT INTO `lanpartyclub_photo` VALUES ('61', '{FB750336-9BC5-392B-1370-E5CEB69EAFCF}.jpg', '3');
INSERT INTO `lanpartyclub_photo` VALUES ('62', '{1FB8C3B2-9F9C-4C02-17B5-095B0A814F7B}.jpg', '4');
INSERT INTO `lanpartyclub_photo` VALUES ('63', '{3F298C89-27D5-1937-881F-96904CE1C7EC}.jpg', '4');
INSERT INTO `lanpartyclub_photo` VALUES ('64', '{0D3F81F6-0E17-0D5E-B235-8119A67DCEA2}.jpg', '4');
INSERT INTO `lanpartyclub_photo` VALUES ('65', '{FEDDB264-C0BD-4BF5-8460-D0A4323D8268}.jpg', '4');
INSERT INTO `lanpartyclub_photo` VALUES ('66', '{AE6BCB35-05D8-2BC8-B716-14E6BB006223}.jpg', '4');
INSERT INTO `lanpartyclub_photo` VALUES ('67', '{DF5A0E70-2683-D502-7004-F4E27853F3EA}.jpg', '4');
INSERT INTO `lanpartyclub_photo` VALUES ('68', '{58D76A1B-E141-198A-6A38-E755CE20EDAB}.jpg', '4');
INSERT INTO `lanpartyclub_photo` VALUES ('69', '{0A8EBDEF-AD9E-40B7-FD45-ECFE108ECC21}.jpg', '4');
INSERT INTO `lanpartyclub_photo` VALUES ('70', '{497033BC-9E6F-7AEA-2BC7-4D9997E78C84}.jpg', '4');
INSERT INTO `lanpartyclub_photo` VALUES ('71', '{CD518CCF-E154-8B9F-839E-A6B663CA899C}.jpg', '4');
INSERT INTO `lanpartyclub_photo` VALUES ('72', '{1F271396-EA3D-2654-471C-A01DDE431B8C}.jpg', '4');
INSERT INTO `lanpartyclub_photo` VALUES ('81', '{33648CB8-9A74-393D-B6A8-340BB1C7F522}.jpg', '4');
INSERT INTO `lanpartyclub_photo` VALUES ('82', '{426BF70E-AD31-D834-FE96-7214D0A9F1E1}.jpg', '4');
INSERT INTO `lanpartyclub_photo` VALUES ('83', '{6FEE9656-5B9D-A3B6-7D1E-C4602AE4E1E9}.jpg', '4');
INSERT INTO `lanpartyclub_photo` VALUES ('84', '{F461E7AE-2D74-5658-5927-7E86BA4D1F17}.jpg', '4');
INSERT INTO `lanpartyclub_photo` VALUES ('85', '{79D42EB8-5759-C58C-919A-11B9341EDAF9}.jpg', '4');
INSERT INTO `lanpartyclub_photo` VALUES ('86', '{DE1E7ACA-A346-5C3F-A993-9C407074656E}.jpg', '4');
INSERT INTO `lanpartyclub_photo` VALUES ('88', '{47EA1ABF-BC39-ECAE-87F5-AF1CD5AF732F}.jpg', '5');
INSERT INTO `lanpartyclub_photo` VALUES ('89', '{EBC24B0F-64FB-1B0C-EBE7-DD1B797B4951}.jpg', '5');
INSERT INTO `lanpartyclub_photo` VALUES ('90', '{1AB18F51-A641-103A-6B26-6A8EC347964E}.jpg', '5');
INSERT INTO `lanpartyclub_photo` VALUES ('91', '{8F8A5184-5A35-683E-A3D6-CFCD4B4271EE}.jpg', '5');
INSERT INTO `lanpartyclub_photo` VALUES ('92', '{34D50058-B02A-71E6-3E8C-3B3F906BE498}.jpg', '5');
INSERT INTO `lanpartyclub_photo` VALUES ('93', '{884C082B-3310-410C-29A2-FDDCC8D3F260}.jpg', '5');
INSERT INTO `lanpartyclub_photo` VALUES ('94', '{92072D52-679E-D468-57D1-A6B47661CCD1}.jpg', '5');
INSERT INTO `lanpartyclub_photo` VALUES ('95', '{109320ED-DB34-EF04-BC17-79B9E5BB4AC5}.jpg', '5');
INSERT INTO `lanpartyclub_photo` VALUES ('97', '{E90AA24C-C79B-0C2E-71F7-3742FD41707A}.jpg', '7');
INSERT INTO `lanpartyclub_photo` VALUES ('98', '{7017BAEF-4444-B0EC-18A5-3EA212D0D237}.jpg', '7');
INSERT INTO `lanpartyclub_photo` VALUES ('99', '{CA865116-D03E-D0FF-58B7-55AB55E24109}.jpg', '7');
INSERT INTO `lanpartyclub_photo` VALUES ('100', '{8BA7BC62-8C80-5000-29B2-E8472E4F7E5F}.jpg', '7');
INSERT INTO `lanpartyclub_photo` VALUES ('101', '{1DD0B3A0-CEEA-7163-C0A0-0399DF33791A}.jpg', '7');

-- ----------------------------
-- Table structure for `lanpartyclub_re_item_class`
-- ----------------------------
DROP TABLE IF EXISTS `lanpartyclub_re_item_class`;
CREATE TABLE `lanpartyclub_re_item_class` (
  `item_id` int(16) unsigned NOT NULL,
  `class_id` int(16) unsigned NOT NULL,
  `level` int(1) unsigned NOT NULL DEFAULT '1',
  PRIMARY KEY (`item_id`,`class_id`),
  KEY `classId` (`class_id`),
  CONSTRAINT `fk_lanpartyclub_item_class_lanpartyclub_class_class_id` FOREIGN KEY (`class_id`) REFERENCES `lanpartyclub_class` (`class_id`) ON UPDATE CASCADE,
  CONSTRAINT `fk_lanpartyclub_item_class_lanpartyclub_class_item_id` FOREIGN KEY (`item_id`) REFERENCES `lanpartyclub_item` (`item_id`) ON DELETE CASCADE ON UPDATE CASCADE
) ENGINE=InnoDB DEFAULT CHARSET=utf8;

-- ----------------------------
-- Records of lanpartyclub_re_item_class
-- ----------------------------
INSERT INTO `lanpartyclub_re_item_class` VALUES ('2', '2', '1');
INSERT INTO `lanpartyclub_re_item_class` VALUES ('2', '5', '2');
INSERT INTO `lanpartyclub_re_item_class` VALUES ('3', '1', '1');
INSERT INTO `lanpartyclub_re_item_class` VALUES ('3', '4', '2');
INSERT INTO `lanpartyclub_re_item_class` VALUES ('4', '1', '1');
INSERT INTO `lanpartyclub_re_item_class` VALUES ('4', '4', '2');
INSERT INTO `lanpartyclub_re_item_class` VALUES ('7', '2', '1');
INSERT INTO `lanpartyclub_re_item_class` VALUES ('7', '5', '2');
INSERT INTO `lanpartyclub_re_item_class` VALUES ('8', '1', '1');
INSERT INTO `lanpartyclub_re_item_class` VALUES ('8', '4', '2');
INSERT INTO `lanpartyclub_re_item_class` VALUES ('9', '1', '1');
INSERT INTO `lanpartyclub_re_item_class` VALUES ('9', '4', '2');
INSERT INTO `lanpartyclub_re_item_class` VALUES ('10', '1', '1');
INSERT INTO `lanpartyclub_re_item_class` VALUES ('10', '4', '2');
INSERT INTO `lanpartyclub_re_item_class` VALUES ('15', '1', '1');
INSERT INTO `lanpartyclub_re_item_class` VALUES ('15', '4', '2');
INSERT INTO `lanpartyclub_re_item_class` VALUES ('16', '1', '1');
INSERT INTO `lanpartyclub_re_item_class` VALUES ('16', '4', '2');
INSERT INTO `lanpartyclub_re_item_class` VALUES ('18', '2', '1');
INSERT INTO `lanpartyclub_re_item_class` VALUES ('18', '5', '2');
INSERT INTO `lanpartyclub_re_item_class` VALUES ('19', '2', '1');
INSERT INTO `lanpartyclub_re_item_class` VALUES ('19', '5', '2');
INSERT INTO `lanpartyclub_re_item_class` VALUES ('44', '2', '1');
INSERT INTO `lanpartyclub_re_item_class` VALUES ('44', '5', '2');
INSERT INTO `lanpartyclub_re_item_class` VALUES ('45', '2', '1');
INSERT INTO `lanpartyclub_re_item_class` VALUES ('45', '5', '2');
INSERT INTO `lanpartyclub_re_item_class` VALUES ('55', '3', '1');
INSERT INTO `lanpartyclub_re_item_class` VALUES ('55', '6', '2');
INSERT INTO `lanpartyclub_re_item_class` VALUES ('59', '3', '1');
INSERT INTO `lanpartyclub_re_item_class` VALUES ('59', '6', '2');
INSERT INTO `lanpartyclub_re_item_class` VALUES ('60', '3', '1');
INSERT INTO `lanpartyclub_re_item_class` VALUES ('60', '6', '2');
INSERT INTO `lanpartyclub_re_item_class` VALUES ('61', '3', '1');
INSERT INTO `lanpartyclub_re_item_class` VALUES ('61', '6', '2');
INSERT INTO `lanpartyclub_re_item_class` VALUES ('62', '3', '1');
INSERT INTO `lanpartyclub_re_item_class` VALUES ('62', '6', '2');
INSERT INTO `lanpartyclub_re_item_class` VALUES ('63', '3', '1');
INSERT INTO `lanpartyclub_re_item_class` VALUES ('63', '6', '2');
INSERT INTO `lanpartyclub_re_item_class` VALUES ('64', '1', '1');
INSERT INTO `lanpartyclub_re_item_class` VALUES ('64', '4', '2');
INSERT INTO `lanpartyclub_re_item_class` VALUES ('65', '1', '1');
INSERT INTO `lanpartyclub_re_item_class` VALUES ('65', '4', '2');

-- ----------------------------
-- Table structure for `lanpartyclub_task`
-- ----------------------------
DROP TABLE IF EXISTS `lanpartyclub_task`;
CREATE TABLE `lanpartyclub_task` (
  `task_id` int(16) unsigned NOT NULL AUTO_INCREMENT,
  `task_command` varchar(50) CHARACTER SET utf8 COLLATE utf8_unicode_ci NOT NULL DEFAULT 'default',
  `task_parameter` varchar(50) DEFAULT NULL,
  `task_status` int(4) unsigned NOT NULL DEFAULT '0',
  PRIMARY KEY (`task_id`)
) ENGINE=InnoDB AUTO_INCREMENT=1174 DEFAULT CHARSET=utf8;

-- ----------------------------
-- Records of lanpartyclub_task
-- ----------------------------
INSERT INTO `lanpartyclub_task` VALUES ('40', 'DeletePhoto', 'default1.jpg', '2');
INSERT INTO `lanpartyclub_task` VALUES ('41', 'DeletePhoto', 'default1.jpg', '2');
INSERT INTO `lanpartyclub_task` VALUES ('42', 'DeletePhoto', 'default2.jpg', '2');
INSERT INTO `lanpartyclub_task` VALUES ('43', 'DeletePhoto', 'default3.jpg', '2');
INSERT INTO `lanpartyclub_task` VALUES ('47', 'DeletePhoto', 'default2.jpg', '2');
INSERT INTO `lanpartyclub_task` VALUES ('48', 'DeletePhoto', 'default1.jpg', '2');
INSERT INTO `lanpartyclub_task` VALUES ('50', 'DeletePhoto', 'default3.jpg', '2');
INSERT INTO `lanpartyclub_task` VALUES ('51', 'DeletePhoto', 'default4.jpg', '2');
INSERT INTO `lanpartyclub_task` VALUES ('52', 'DeletePhoto', 'default5.jpg', '2');
INSERT INTO `lanpartyclub_task` VALUES ('53', 'DeletePhoto', 'default6.jpg', '2');
INSERT INTO `lanpartyclub_task` VALUES ('54', 'DeletePhoto', 'default7.jpg', '2');
INSERT INTO `lanpartyclub_task` VALUES ('55', 'DeletePhoto', 'default8.jpg', '2');
INSERT INTO `lanpartyclub_task` VALUES ('56', 'DeletePhoto', 'default9.jpg', '2');
INSERT INTO `lanpartyclub_task` VALUES ('57', 'DeleteItemPhoto', 'default5.jpg', '2');
INSERT INTO `lanpartyclub_task` VALUES ('58', 'DeleteItemPhoto', 'default7.jpg', '2');
INSERT INTO `lanpartyclub_task` VALUES ('60', 'DeleteItemPhoto', 'default1.jpg', '2');
INSERT INTO `lanpartyclub_task` VALUES ('61', 'DeleteItemPhoto', 'default7.jpg', '2');
INSERT INTO `lanpartyclub_task` VALUES ('62', 'DeleteItemPhoto', 'default5.jpg', '2');
INSERT INTO `lanpartyclub_task` VALUES ('63', 'DeleteItemPhoto', 'default3.jpg', '2');
INSERT INTO `lanpartyclub_task` VALUES ('64', 'DeleteItemPhoto', '{2B3DC132-A189-069A-67AA-6BC4BDD6F966}.jpg', '2');
INSERT INTO `lanpartyclub_task` VALUES ('65', 'DeleteItemPhoto', '{6864FE5A-563E-6506-694D-D9EDF82ECD7E}.jpg', '2');
INSERT INTO `lanpartyclub_task` VALUES ('66', 'DeletePhoto', '{4363D218-C40E-DEA6-F696-A2604E801AA9}.jpg', '2');
INSERT INTO `lanpartyclub_task` VALUES ('67', 'DeletePhoto', '{6CAF00BB-FC1D-0C46-2A68-103964119416}.jpg', '2');
INSERT INTO `lanpartyclub_task` VALUES ('68', 'DeletePhoto', '{1EEC96A8-4287-5E7D-997F-72250B778ABB}.jpg', '2');
INSERT INTO `lanpartyclub_task` VALUES ('69', 'DeletePhoto', '{D416341B-5BD8-FDCD-70BA-4B658D9B29F1}.jpg', '2');
INSERT INTO `lanpartyclub_task` VALUES ('70', 'DeleteItemPhoto', '{FF495B8D-FB12-5AD2-47F7-D0F51345C879}.jpg', '2');
INSERT INTO `lanpartyclub_task` VALUES ('71', 'DeletePhoto', '{339081B3-3D03-968C-A1C3-F10103C25760}.jpg', '2');
INSERT INTO `lanpartyclub_task` VALUES ('72', 'DeletePhoto', '{130D6A0D-2F32-B131-43A8-8B578D5E79AF}.jpg', '2');
INSERT INTO `lanpartyclub_task` VALUES ('73', 'DeletePhoto', '{672DAA18-2A0F-277A-13AB-6C45A3554796}.jpg', '2');
INSERT INTO `lanpartyclub_task` VALUES ('74', 'DeletePhoto', '{840ABDD4-6275-B589-1A3C-826D683B2E53}.jpg', '2');
INSERT INTO `lanpartyclub_task` VALUES ('75', 'DeletePhoto', '{4B83D98C-AA0A-86B5-E71D-551A6511C170}.jpg', '2');
INSERT INTO `lanpartyclub_task` VALUES ('76', 'DeletePhoto', '{11EBE975-294E-B695-46C5-E94D9ABF6A6F}.jpg', '2');
INSERT INTO `lanpartyclub_task` VALUES ('77', 'DeletePhoto', '{53ACC5C9-346B-B784-3358-A9FB7A7B2653}.jpg', '2');
INSERT INTO `lanpartyclub_task` VALUES ('78', 'DeletePhoto', '{BDF7FD8B-DFBA-E189-7393-4F1A4B7111A9}.jpg', '2');
INSERT INTO `lanpartyclub_task` VALUES ('86', 'DeletePhoto', '{B76D5725-CE44-6E3F-D91D-88B01180A7C9}.jpg', '2');
INSERT INTO `lanpartyclub_task` VALUES ('87', 'DeletePhoto', '{6E06A1DF-DE9F-E816-C397-84F6511C937E}.jpg', '2');
INSERT INTO `lanpartyclub_task` VALUES ('88', 'DeletePhoto', '{AA7ED715-1D8E-3EA3-4E08-0CAE4FF13630}.jpg', '2');
INSERT INTO `lanpartyclub_task` VALUES ('89', 'DeletePhoto', '{B163A2A2-1CBC-B747-303F-088E5A0B3615}.jpg', '2');
INSERT INTO `lanpartyclub_task` VALUES ('90', 'DeletePhoto', '{358570CE-2772-6A76-4FBC-BD7B42F64EB1}.jpg', '2');
INSERT INTO `lanpartyclub_task` VALUES ('91', 'DeletePhoto', '{44E2CC95-9031-D673-88B9-6EB5DD5F03EE}.jpg', '2');
INSERT INTO `lanpartyclub_task` VALUES ('92', 'DeletePhoto', '{AABA85B1-3E9F-59AC-1B4A-9DF73B4A37E2}.jpg', '2');
INSERT INTO `lanpartyclub_task` VALUES ('93', 'DeletePhoto', '{C3254E55-ABB3-944B-8FCB-BCFF952C16A1}.jpg', '2');
INSERT INTO `lanpartyclub_task` VALUES ('101', 'DeletePhoto', '{B76D5725-CE44-6E3F-D91D-88B01180A7C9}.jpg', '2');
INSERT INTO `lanpartyclub_task` VALUES ('102', 'DeletePhoto', '{6E06A1DF-DE9F-E816-C397-84F6511C937E}.jpg', '2');
INSERT INTO `lanpartyclub_task` VALUES ('103', 'DeletePhoto', '{AA7ED715-1D8E-3EA3-4E08-0CAE4FF13630}.jpg', '2');
INSERT INTO `lanpartyclub_task` VALUES ('104', 'DeletePhoto', '{B163A2A2-1CBC-B747-303F-088E5A0B3615}.jpg', '2');
INSERT INTO `lanpartyclub_task` VALUES ('105', 'DeletePhoto', '{358570CE-2772-6A76-4FBC-BD7B42F64EB1}.jpg', '2');
INSERT INTO `lanpartyclub_task` VALUES ('106', 'DeletePhoto', '{44E2CC95-9031-D673-88B9-6EB5DD5F03EE}.jpg', '2');
INSERT INTO `lanpartyclub_task` VALUES ('107', 'DeletePhoto', '{AABA85B1-3E9F-59AC-1B4A-9DF73B4A37E2}.jpg', '2');
INSERT INTO `lanpartyclub_task` VALUES ('108', 'DeletePhoto', '{C3254E55-ABB3-944B-8FCB-BCFF952C16A1}.jpg', '2');
INSERT INTO `lanpartyclub_task` VALUES ('116', 'DeleteItemPhoto', '{DC5DE17C-16F0-22D7-B673-D8BEBA670595}.jpg', '2');
INSERT INTO `lanpartyclub_task` VALUES ('117', 'DeleteItemPhoto', '{1808945C-B4D1-3511-07C2-32E79D8FF69C}.jpg', '2');
INSERT INTO `lanpartyclub_task` VALUES ('118', 'DeleteItemPhoto', '{6FA6E5EB-6586-4B37-0F03-8105DD20134A}.jpg', '2');
INSERT INTO `lanpartyclub_task` VALUES ('119', 'DeleteItemPhoto', '{8984E7A3-CED6-2842-C1D1-C11F3CBC0230}.jpg', '2');
INSERT INTO `lanpartyclub_task` VALUES ('120', 'DeleteItemPhoto', '{1ADFA844-C611-8911-F018-29D72BE34901}.jpg', '2');
INSERT INTO `lanpartyclub_task` VALUES ('121', 'DeleteItemPhoto', '{5A92CDDF-F438-DD2B-98EC-7C444E6E4ABB}.jpg', '2');
INSERT INTO `lanpartyclub_task` VALUES ('123', 'DeleteItemPhoto', '{0F5E560B-A341-B7B6-374A-CBBEBBBD5B11}.jpg', '2');
INSERT INTO `lanpartyclub_task` VALUES ('124', 'DeleteItemPhoto', '{4707D284-70E1-AAEE-9923-446EF2A3C2C8}.jpg', '2');
INSERT INTO `lanpartyclub_task` VALUES ('125', 'DeleteItemPhoto', '{708D0BF8-1149-5493-9F9F-18025C662DCC}.jpg', '2');
INSERT INTO `lanpartyclub_task` VALUES ('126', 'DeleteItemPhoto', '{CD6EDAB9-017E-6867-FC8F-DE7D1A4DF323}.jpg', '2');
INSERT INTO `lanpartyclub_task` VALUES ('127', 'DeleteItemPhoto', '{76A34AF8-D520-6F29-E74C-F1CECF2BF8D6}.jpg', '2');
INSERT INTO `lanpartyclub_task` VALUES ('128', 'DeleteItemPhoto', '{BC10CAD0-4F84-12CD-C5BB-276A7424ACE5}.jpg', '2');
INSERT INTO `lanpartyclub_task` VALUES ('129', 'DeleteItemPhoto', '{ED484C82-5A74-6573-7437-1D9B25783A9B}.jpg', '2');
INSERT INTO `lanpartyclub_task` VALUES ('130', 'DeleteItemPhoto', '{F1163FB8-4BCD-BB80-BF58-698C98701C1E}.jpg', '2');
INSERT INTO `lanpartyclub_task` VALUES ('131', 'DeletePhoto', '{A60F748B-D50E-B49E-FE5F-7009DF9E9337}.jpg', '2');
INSERT INTO `lanpartyclub_task` VALUES ('132', 'DeletePhoto', '{31A1F091-D4B9-ADEB-CA53-39689E8E4BC5}.jpg', '2');
INSERT INTO `lanpartyclub_task` VALUES ('133', 'DeletePhoto', '{39D9A93A-2259-1C3A-E0D5-FF20DC22980E}.jpg', '2');
INSERT INTO `lanpartyclub_task` VALUES ('134', 'DeletePhoto', '{4CF44B73-C416-ACD7-F283-4DD0134262A3}.jpg', '2');
INSERT INTO `lanpartyclub_task` VALUES ('135', 'DeletePhoto', '{0841FF85-8E85-53DC-B512-D49152F88ED0}.jpg', '2');
INSERT INTO `lanpartyclub_task` VALUES ('136', 'DeletePhoto', '{47F98807-37A0-5666-CD7A-20282D8DF116}.jpg', '2');
INSERT INTO `lanpartyclub_task` VALUES ('137', 'DeletePhoto', '{76F1F135-AE39-5DFE-4CF2-E1EE64C45406}.jpg', '2');
INSERT INTO `lanpartyclub_task` VALUES ('138', 'DeletePhoto', '{033F07D3-8ABC-D6BC-81DC-11DBD85C18EE}.jpg', '2');
INSERT INTO `lanpartyclub_task` VALUES ('146', 'DeletePhoto', '{49DA946A-CDFF-B646-8C3A-56B56C257F08}.jpg', '2');
INSERT INTO `lanpartyclub_task` VALUES ('147', 'DeletePhoto', '{8BD6E929-E06C-8C8D-65C8-F1A805CD32C1}.jpg', '2');
INSERT INTO `lanpartyclub_task` VALUES ('148', 'DeletePhoto', '{83851CD1-616F-589B-7493-BD63BBF019BE}.jpg', '2');
INSERT INTO `lanpartyclub_task` VALUES ('149', 'DeletePhoto', '{81FC048F-C6E7-863E-8A31-24FC630223D3}.jpg', '2');
INSERT INTO `lanpartyclub_task` VALUES ('150', 'DeletePhoto', '{7B826623-EA9C-DB93-98A2-9D4F503AB912}.jpg', '2');
INSERT INTO `lanpartyclub_task` VALUES ('151', 'DeletePhoto', '{524C096D-8791-9FF7-770A-F67E6DDA3C28}.jpg', '2');
INSERT INTO `lanpartyclub_task` VALUES ('152', 'DeletePhoto', '{C37A2436-A0E2-9997-7CBE-B3A197FD4244}.jpg', '2');
INSERT INTO `lanpartyclub_task` VALUES ('153', 'DeletePhoto', '{64EFC0F0-0AD2-9505-B518-32233562124E}.jpg', '2');
INSERT INTO `lanpartyclub_task` VALUES ('161', 'DeletePhoto', '{49DA946A-CDFF-B646-8C3A-56B56C257F08}.jpg', '2');
INSERT INTO `lanpartyclub_task` VALUES ('162', 'DeletePhoto', '{8BD6E929-E06C-8C8D-65C8-F1A805CD32C1}.jpg', '2');
INSERT INTO `lanpartyclub_task` VALUES ('163', 'DeletePhoto', '{83851CD1-616F-589B-7493-BD63BBF019BE}.jpg', '2');
INSERT INTO `lanpartyclub_task` VALUES ('164', 'DeletePhoto', '{81FC048F-C6E7-863E-8A31-24FC630223D3}.jpg', '2');
INSERT INTO `lanpartyclub_task` VALUES ('165', 'DeletePhoto', '{7B826623-EA9C-DB93-98A2-9D4F503AB912}.jpg', '2');
INSERT INTO `lanpartyclub_task` VALUES ('166', 'DeletePhoto', '{524C096D-8791-9FF7-770A-F67E6DDA3C28}.jpg', '2');
INSERT INTO `lanpartyclub_task` VALUES ('167', 'DeletePhoto', '{C37A2436-A0E2-9997-7CBE-B3A197FD4244}.jpg', '2');
INSERT INTO `lanpartyclub_task` VALUES ('168', 'DeletePhoto', '{64EFC0F0-0AD2-9505-B518-32233562124E}.jpg', '2');
INSERT INTO `lanpartyclub_task` VALUES ('176', 'DeletePhoto', '{EB617E4A-572B-32C9-A57A-290D18678456}.jpg', '2');
INSERT INTO `lanpartyclub_task` VALUES ('177', 'DeletePhoto', '{E9E87AC4-650E-C5A2-C708-AB26AD65FED4}.jpg', '2');
INSERT INTO `lanpartyclub_task` VALUES ('178', 'DeletePhoto', '{8E88017B-2533-914D-13DC-9339D9DEEE97}.jpg', '2');
INSERT INTO `lanpartyclub_task` VALUES ('179', 'DeletePhoto', '{BE97AE28-4A71-6052-10AD-28AB62524EB3}.jpg', '2');
INSERT INTO `lanpartyclub_task` VALUES ('180', 'DeletePhoto', '{6AB23EF1-871A-2262-4195-CAB8F3C6BF26}.jpg', '2');
INSERT INTO `lanpartyclub_task` VALUES ('181', 'DeletePhoto', '{DBFBE696-12FB-EC4E-3BB9-74566108CFEC}.jpg', '2');
INSERT INTO `lanpartyclub_task` VALUES ('182', 'DeletePhoto', '{6902515E-A157-D69A-2918-7DF9E9D3C70B}.jpg', '2');
INSERT INTO `lanpartyclub_task` VALUES ('183', 'DeletePhoto', '{FED5B3EC-3E62-1B63-1165-ADFA4B0BF7CD}.jpg', '2');
INSERT INTO `lanpartyclub_task` VALUES ('191', 'DeletePhoto', '{96339FD8-DD5E-5266-2C2F-444471EDABF2}.jpg', '2');
INSERT INTO `lanpartyclub_task` VALUES ('192', 'DeletePhoto', '{05472629-8621-17A1-1575-4BF73D6F0CAD}.jpg', '2');
INSERT INTO `lanpartyclub_task` VALUES ('193', 'DeletePhoto', '{7B9D26A5-7707-3EDB-2F6F-2495FF8B39C3}.jpg', '2');
INSERT INTO `lanpartyclub_task` VALUES ('194', 'DeletePhoto', '{96339FD8-DD5E-5266-2C2F-444471EDABF2}.jpg', '2');
INSERT INTO `lanpartyclub_task` VALUES ('195', 'DeletePhoto', '{05472629-8621-17A1-1575-4BF73D6F0CAD}.jpg', '2');
INSERT INTO `lanpartyclub_task` VALUES ('196', 'DeletePhoto', '{7B9D26A5-7707-3EDB-2F6F-2495FF8B39C3}.jpg', '2');
INSERT INTO `lanpartyclub_task` VALUES ('197', 'DeletePhoto', '{8F0D8900-89C3-04C3-C304-8D22CB54B866}.jpg', '2');
INSERT INTO `lanpartyclub_task` VALUES ('198', 'DeletePhoto', '{1575C722-8861-2169-A96A-634A6EDF30CD}.jpg', '2');
INSERT INTO `lanpartyclub_task` VALUES ('199', 'DeletePhoto', '{87FBF972-FC6F-DD30-BB11-B8E6822EDC68}.jpg', '2');
INSERT INTO `lanpartyclub_task` VALUES ('200', 'DeletePhoto', '{C6A81958-4086-4E1D-3DB9-B19ECE18D123}.jpg', '2');
INSERT INTO `lanpartyclub_task` VALUES ('201', 'DeletePhoto', '{31451FD4-21E1-16A6-E7A2-6D8FF574F758}.jpg', '2');
INSERT INTO `lanpartyclub_task` VALUES ('202', 'DeletePhoto', '{A95700EF-688A-7A4E-70C7-913218A51DD5}.jpg', '2');
INSERT INTO `lanpartyclub_task` VALUES ('203', 'DeletePhoto', '{DC76B59B-55C0-49B2-CF1D-D69A11B3C525}.jpg', '2');
INSERT INTO `lanpartyclub_task` VALUES ('204', 'DeletePhoto', '{E70F63F0-E779-94FB-08D3-59524681768D}.jpg', '2');
INSERT INTO `lanpartyclub_task` VALUES ('212', 'DeletePhoto', '{AB494217-B673-B36D-5DD2-96969BF51C1A}.jpg', '2');
INSERT INTO `lanpartyclub_task` VALUES ('213', 'DeletePhoto', '{DADD61FA-7792-2894-1AD1-F9E18D348039}.jpg', '2');
INSERT INTO `lanpartyclub_task` VALUES ('214', 'DeletePhoto', '{BFD200C3-3C55-299F-2C0C-CA3D68BC82F1}.jpg', '2');
INSERT INTO `lanpartyclub_task` VALUES ('215', 'DeletePhoto', '{C85E087D-87F4-AE26-4527-F5CF07EDB4C1}.jpg', '2');
INSERT INTO `lanpartyclub_task` VALUES ('216', 'DeletePhoto', '{C13E73C2-5433-176B-E708-84E10F57FC81}.jpg', '2');
INSERT INTO `lanpartyclub_task` VALUES ('217', 'DeletePhoto', '{2F552183-425F-8167-A7E5-F92D5A17BFE3}.jpg', '2');
INSERT INTO `lanpartyclub_task` VALUES ('218', 'DeletePhoto', '{EEA987E2-0FE4-A2F0-ADD7-03D72B66B3D2}.jpg', '2');
INSERT INTO `lanpartyclub_task` VALUES ('219', 'DeletePhoto', '{B74152D4-9699-26ED-FC7D-CAE314298052}.jpg', '2');
INSERT INTO `lanpartyclub_task` VALUES ('227', 'DeletePhoto', '{EB3C0F52-D6F9-9ABC-1915-997B4C2A4933}.jpg', '2');
INSERT INTO `lanpartyclub_task` VALUES ('228', 'DeletePhoto', '{885120D7-DBC1-1663-F827-0C22A4AF63F6}.jpg', '2');
INSERT INTO `lanpartyclub_task` VALUES ('229', 'DeletePhoto', '{FF093E54-805C-7256-309C-5E075B688388}.jpg', '2');
INSERT INTO `lanpartyclub_task` VALUES ('230', 'DeletePhoto', '{2C829D4F-0783-56A3-A556-826DF1DB9700}.jpg', '2');
INSERT INTO `lanpartyclub_task` VALUES ('231', 'DeletePhoto', '{D75DC5A8-BE81-54A6-3D8A-943CE21452B8}.jpg', '2');
INSERT INTO `lanpartyclub_task` VALUES ('235', 'DeletePhoto', '{287D0863-EEA1-B871-F79D-5C06A34A9C51}.jpg', '2');
INSERT INTO `lanpartyclub_task` VALUES ('236', 'DeletePhoto', '{B5922512-9E7B-00EB-991C-637BA795F92C}.jpg', '2');
INSERT INTO `lanpartyclub_task` VALUES ('237', 'DeletePhoto', '{375740FF-7958-2EB3-1591-783456391522}.jpg', '2');
INSERT INTO `lanpartyclub_task` VALUES ('238', 'DeletePhoto', '{FE679521-B77F-C990-4106-3D4C90F66062}.jpg', '2');
INSERT INTO `lanpartyclub_task` VALUES ('239', 'DeletePhoto', '{883F6581-5863-CF30-6137-98DA4A4F6C65}.jpg', '2');
INSERT INTO `lanpartyclub_task` VALUES ('240', 'DeletePhoto', '{027EBCFD-44B1-40B7-8186-80CBD796467B}.jpg', '2');
INSERT INTO `lanpartyclub_task` VALUES ('241', 'DeletePhoto', '{08EAF694-EEB0-958C-3D13-03FAF42917BE}.jpg', '2');
INSERT INTO `lanpartyclub_task` VALUES ('242', 'DeletePhoto', '{4164DDEF-6D94-020B-BD5C-9F95DA6A97C4}.jpg', '2');
INSERT INTO `lanpartyclub_task` VALUES ('243', 'DeletePhoto', '{C6271B2C-A269-B5B2-12AB-FC50763EEE37}.jpg', '2');
INSERT INTO `lanpartyclub_task` VALUES ('251', 'DeletePhoto', '{B5922512-9E7B-00EB-991C-637BA795F92C}.jpg', '2');
INSERT INTO `lanpartyclub_task` VALUES ('252', 'DeletePhoto', '{375740FF-7958-2EB3-1591-783456391522}.jpg', '2');
INSERT INTO `lanpartyclub_task` VALUES ('253', 'DeletePhoto', '{FE679521-B77F-C990-4106-3D4C90F66062}.jpg', '2');
INSERT INTO `lanpartyclub_task` VALUES ('254', 'DeletePhoto', '{883F6581-5863-CF30-6137-98DA4A4F6C65}.jpg', '2');
INSERT INTO `lanpartyclub_task` VALUES ('255', 'DeletePhoto', '{027EBCFD-44B1-40B7-8186-80CBD796467B}.jpg', '2');
INSERT INTO `lanpartyclub_task` VALUES ('256', 'DeletePhoto', '{08EAF694-EEB0-958C-3D13-03FAF42917BE}.jpg', '2');
INSERT INTO `lanpartyclub_task` VALUES ('257', 'DeletePhoto', '{4164DDEF-6D94-020B-BD5C-9F95DA6A97C4}.jpg', '2');
INSERT INTO `lanpartyclub_task` VALUES ('258', 'DeletePhoto', '{C6271B2C-A269-B5B2-12AB-FC50763EEE37}.jpg', '2');
INSERT INTO `lanpartyclub_task` VALUES ('266', 'DeletePhoto', '{4F5414B3-EEF4-3298-142F-809345A7335B}.jpg', '2');
INSERT INTO `lanpartyclub_task` VALUES ('267', 'DeletePhoto', '{53FA12AF-7071-92C6-B37A-32959F10382B}.jpg', '2');
INSERT INTO `lanpartyclub_task` VALUES ('268', 'DeletePhoto', '{92C7E7CE-64F4-31A5-D181-9871ED86559C}.jpg', '2');
INSERT INTO `lanpartyclub_task` VALUES ('269', 'DeletePhoto', '{D2C5DCC7-2843-17AC-BE47-1262A4F5E079}.jpg', '2');
INSERT INTO `lanpartyclub_task` VALUES ('270', 'DeletePhoto', '{14372F43-7436-4E3A-602E-28ABFEC9F9C3}.jpg', '2');
INSERT INTO `lanpartyclub_task` VALUES ('271', 'DeletePhoto', '{D65A2029-CD63-1E97-4CC0-58DADA2FDE7E}.jpg', '2');
INSERT INTO `lanpartyclub_task` VALUES ('272', 'DeletePhoto', '{EC8D4140-14DD-9272-5AC6-1BF4282EA723}.jpg', '2');
INSERT INTO `lanpartyclub_task` VALUES ('273', 'DeletePhoto', '{F8B1F353-29CF-40AF-52F1-7B3A02118928}.jpg', '2');
INSERT INTO `lanpartyclub_task` VALUES ('281', 'DeletePhoto', '{71BE0BCF-3BB7-1332-F92C-982DF7EAC161}.jpg', '2');
INSERT INTO `lanpartyclub_task` VALUES ('282', 'DeletePhoto', '{D1208F31-B761-31B4-432C-2DD6EAAE8DCA}.jpg', '2');
INSERT INTO `lanpartyclub_task` VALUES ('283', 'DeletePhoto', '{2CAA3AB7-671D-4792-8D7D-207A125068A5}.jpg', '2');
INSERT INTO `lanpartyclub_task` VALUES ('284', 'DeletePhoto', '{6586F723-6CB9-4735-769F-AC16095AFF34}.jpg', '2');
INSERT INTO `lanpartyclub_task` VALUES ('285', 'DeletePhoto', '{5DADADEB-EFDA-C87C-4C95-363406AD1824}.jpg', '2');
INSERT INTO `lanpartyclub_task` VALUES ('287', 'DeletePhoto', '{0A749A7D-23B4-B444-81BE-245DE90D2C25}.jpg', '2');
INSERT INTO `lanpartyclub_task` VALUES ('288', 'DeletePhoto', '{0F1F936F-A30A-E9A9-2718-82F34D40EF72}.jpg', '2');
INSERT INTO `lanpartyclub_task` VALUES ('289', 'DeletePhoto', '{6AB6B230-24D6-6BDA-A837-6E7273AB607D}.jpg', '2');
INSERT INTO `lanpartyclub_task` VALUES ('290', 'DeletePhoto', '{388141A1-3A81-5AEE-76C1-6C80BE805A31}.jpg', '2');
INSERT INTO `lanpartyclub_task` VALUES ('291', 'DeletePhoto', '{6C1C6F59-4E87-92FC-A240-EFAC00AC0DEB}.jpg', '2');
INSERT INTO `lanpartyclub_task` VALUES ('292', 'DeletePhoto', '{1C671353-914B-2A95-4F92-C4CA3863B3D2}.jpg', '2');
INSERT INTO `lanpartyclub_task` VALUES ('293', 'DeletePhoto', '{1223A0D5-00F4-E0D2-C7BC-37CDF2E22DAE}.jpg', '2');
INSERT INTO `lanpartyclub_task` VALUES ('294', 'DeletePhoto', '{914037C6-7DBD-A757-A6ED-3881709EDD08}.jpg', '2');
INSERT INTO `lanpartyclub_task` VALUES ('295', 'DeletePhoto', '{D1FD5357-32A6-ADC6-D004-9A10F7118480}.jpg', '2');
INSERT INTO `lanpartyclub_task` VALUES ('296', 'DeletePhoto', '{00264D36-6F62-7A81-26B6-B2BCB08180E0}.jpg', '2');
INSERT INTO `lanpartyclub_task` VALUES ('297', 'DeletePhoto', '{F3A91EB0-E728-DB4E-C32E-03FB10F2EA30}.jpg', '2');
INSERT INTO `lanpartyclub_task` VALUES ('298', 'DeleteItemPhoto', '{E1BB9DF3-901C-8081-725A-A5F3862909D0}.jpg', '2');
INSERT INTO `lanpartyclub_task` VALUES ('299', 'DeleteItemPhoto', '{2F8903DD-C88E-8024-AE2F-A9CA6474BCEF}.jpg', '2');
INSERT INTO `lanpartyclub_task` VALUES ('300', 'DeleteItemPhoto', '{B974EC0D-92FB-35B4-E71D-EB80387C1C23}.jpg', '2');
INSERT INTO `lanpartyclub_task` VALUES ('301', 'DeleteItemPhoto', '{30CC3616-70A1-390C-86B4-3285A02FA77F}.jpg', '2');
INSERT INTO `lanpartyclub_task` VALUES ('302', 'DeleteItemPhoto', '{011E4794-610E-CDDB-83AF-80D87A62D51C}.jpg', '2');
INSERT INTO `lanpartyclub_task` VALUES ('303', 'DeleteItemPhoto', '{E178FB9A-F95C-84EE-EEEC-5FA69B7AE4C5}.jpg', '2');
INSERT INTO `lanpartyclub_task` VALUES ('307', 'DeletePhoto', '{04CDF2AF-DC9E-295A-0115-86AAAE25A6B7}.jpg', '2');
INSERT INTO `lanpartyclub_task` VALUES ('308', 'DeletePhoto', '{06CBDCAB-8F57-06C6-03D0-CD20F47FE8E1}.jpg', '2');
INSERT INTO `lanpartyclub_task` VALUES ('310', 'DeleteItemPhoto', '{396C1870-6E30-ED9C-E854-DBC82206BAB2}.jpg', '2');
INSERT INTO `lanpartyclub_task` VALUES ('311', 'DeleteItemPhoto', '{6DB1E039-316A-647F-3BEE-0B87D6280F83}.jpg', '2');
INSERT INTO `lanpartyclub_task` VALUES ('312', 'DeleteItemPhoto', '{F79CB2DE-2397-0C49-FCF8-BBD6CFD57FAE}.jpg', '2');
INSERT INTO `lanpartyclub_task` VALUES ('313', 'DeleteItemPhoto', '{15678A75-D1A1-6585-EC0C-639057FE588B}.jpg', '2');
INSERT INTO `lanpartyclub_task` VALUES ('314', 'DeleteItemPhoto', '{7E5C2B49-1BBE-9AD1-4E04-A37B42E5875C}.jpg', '2');
INSERT INTO `lanpartyclub_task` VALUES ('315', 'DeleteItemPhoto', '{0A5A5700-F36A-65AB-F727-7B8905631F59}.jpg', '2');
INSERT INTO `lanpartyclub_task` VALUES ('317', 'DeleteItemPhoto', '{AFE9CA36-2F42-EE67-1785-D4A6332F103D}.jpg', '2');
INSERT INTO `lanpartyclub_task` VALUES ('318', 'DeleteItemPhoto', '{31E2E894-F38B-8B69-5EB9-0675DDC2C9C1}.jpg', '2');
INSERT INTO `lanpartyclub_task` VALUES ('319', 'DeleteItemPhoto', '{052DA98E-0B98-5708-CB4B-0BBB320EC455}.jpg', '2');
INSERT INTO `lanpartyclub_task` VALUES ('320', 'DeleteItemPhoto', '{0EB9ED4C-C830-FCCF-0C58-19A799F06475}.jpg', '2');
INSERT INTO `lanpartyclub_task` VALUES ('324', 'DeleteItemPhoto', '{FBFFBCEE-262B-95CC-786B-72BF6433F733}.jpg', '2');
INSERT INTO `lanpartyclub_task` VALUES ('325', 'DeleteItemPhoto', '{F17EE031-FF07-D1B8-EBE3-E21B2358BFB7}.jpg', '2');
INSERT INTO `lanpartyclub_task` VALUES ('326', 'DeleteItemPhoto', '{3E87C03B-062E-B4C5-F505-C0086E17AAEC}.jpg', '2');
INSERT INTO `lanpartyclub_task` VALUES ('327', 'DeleteItemPhoto', '{B48AC7B7-EC92-458A-3F35-7FCECE8460AC}.jpg', '2');
INSERT INTO `lanpartyclub_task` VALUES ('328', 'DeleteItemPhoto', '{FF69D514-A8F2-4AAA-B3FB-79610218F4B6}.jpg', '2');
INSERT INTO `lanpartyclub_task` VALUES ('329', 'DeleteItemPhoto', '{16F26139-7BEC-7482-490F-7C4CE22870F3}.jpg', '2');
INSERT INTO `lanpartyclub_task` VALUES ('330', 'DeleteItemPhoto', '{3BDF8AB8-9EF1-23D7-B4D9-198F908B16B5}.jpg', '2');
INSERT INTO `lanpartyclub_task` VALUES ('331', 'DeleteItemPhoto', '{E834BA30-9469-7967-1C07-3BF5688F2CEE}.jpg', '2');
INSERT INTO `lanpartyclub_task` VALUES ('332', 'DeleteItemPhoto', '{31290568-0ECC-9EF4-D288-844D7264E3F2}.jpg', '2');
INSERT INTO `lanpartyclub_task` VALUES ('333', 'DeleteItemPhoto', '{18AC62E4-4466-979D-A035-70D93A6E463F}.jpg', '2');
INSERT INTO `lanpartyclub_task` VALUES ('334', 'DeleteItemPhoto', '{B784162A-FF0E-E065-C242-1DE289F34A7A}.jpg', '2');
INSERT INTO `lanpartyclub_task` VALUES ('335', 'DeleteItemPhoto', '{E98902E1-C7F1-A20C-B162-3156590686EA}.jpg', '2');
INSERT INTO `lanpartyclub_task` VALUES ('336', 'DeleteItemPhoto', '{E7D3FAEF-2A12-B542-5B5D-A52F16CE9E3C}.jpg', '2');
INSERT INTO `lanpartyclub_task` VALUES ('337', 'DeleteItemPhoto', '{B4E04DAE-D9AA-6975-8A14-C5FDE6F5C922}.jpg', '2');
INSERT INTO `lanpartyclub_task` VALUES ('338', 'DeleteItemPhoto', '{AFB7528F-D108-9231-32B4-E14A27D21FFC}.jpg', '2');
INSERT INTO `lanpartyclub_task` VALUES ('346', 'DeleteItemPhoto', '{A80C8B11-95E1-2D52-DF30-D7BF598584B8}.jpg', '2');
INSERT INTO `lanpartyclub_task` VALUES ('347', 'DeleteItemPhoto', '{2D617D9C-EF69-2CAE-8A54-69877306BE72}.jpg', '2');
INSERT INTO `lanpartyclub_task` VALUES ('348', 'DeleteItemPhoto', '{C811746D-9E5E-5BAD-AFC0-FBE142513095}.jpg', '2');
INSERT INTO `lanpartyclub_task` VALUES ('349', 'DeleteItemPhoto', '{7FDA3128-C571-E5C1-AB88-375674B66435}.jpg', '2');
INSERT INTO `lanpartyclub_task` VALUES ('350', 'DeleteItemPhoto', '{43588FBC-5177-48F5-5C4B-66A0B32DE745}.jpg', '2');
INSERT INTO `lanpartyclub_task` VALUES ('351', 'DeleteItemPhoto', '{6F9AD914-0E47-B29A-015E-29E54266255E}.jpg', '2');
INSERT INTO `lanpartyclub_task` VALUES ('352', 'DeleteItemPhoto', '{AC96E278-0D74-9F40-7734-FC61816911EE}.jpg', '2');
INSERT INTO `lanpartyclub_task` VALUES ('353', 'DeleteItemPhoto', 'default2.jpg', '2');
INSERT INTO `lanpartyclub_task` VALUES ('354', 'DeleteItemPhoto', '{28B222AC-1C55-D96C-A794-440E748E4541}.jpg', '2');
INSERT INTO `lanpartyclub_task` VALUES ('355', 'DeleteItemPhoto', 'default8.jpg', '2');
INSERT INTO `lanpartyclub_task` VALUES ('356', 'DeleteItemPhoto', '{2AC11C92-EAF7-27A2-B64D-B86B1B8F3DC6}.jpg', '2');
INSERT INTO `lanpartyclub_task` VALUES ('357', 'DeleteItemPhoto', '{C74EBD34-98F1-C8E2-B2FD-6E035B44BA28}.jpg', '2');
INSERT INTO `lanpartyclub_task` VALUES ('358', 'DeleteItemPhoto', '{C1A086C6-5CE9-8C93-A923-D461038C9F9D}.jpg', '2');
INSERT INTO `lanpartyclub_task` VALUES ('359', 'DeleteItemPhoto', '{EB0A13D4-18C7-5CA9-02BC-94E01057BF10}.jpg', '2');
INSERT INTO `lanpartyclub_task` VALUES ('360', 'DeleteItemPhoto', '{62AEFEAC-5DAD-94ED-6B1C-F389E3F9E112}.jpg', '2');
INSERT INTO `lanpartyclub_task` VALUES ('361', 'DeleteItemPhoto', '{9D7095CB-46C3-458C-CE24-D75844A7C3B7}.jpg', '2');
INSERT INTO `lanpartyclub_task` VALUES ('362', 'DeleteItemPhoto', '{9C36BF18-8074-DF6C-6783-F0A7847854E8}.jpg', '2');
INSERT INTO `lanpartyclub_task` VALUES ('363', 'DeleteItemPhoto', '{87682E15-1F57-C6B7-0849-D3ABCBECAD65}.jpg', '2');
INSERT INTO `lanpartyclub_task` VALUES ('364', 'DeleteItemPhoto', '{49800172-E48F-03E2-3CFD-ADA4E4437543}.jpg', '2');
INSERT INTO `lanpartyclub_task` VALUES ('365', 'DeleteItemPhoto', '{193CBC00-F399-E344-C01A-F962917DF68E}.jpg', '2');
INSERT INTO `lanpartyclub_task` VALUES ('366', 'DeleteItemPhoto', '{10CEB952-C2A2-0878-92FC-C7029585CD93}.jpg', '2');
INSERT INTO `lanpartyclub_task` VALUES ('367', 'DeleteItemPhoto', '{19C20A19-0395-D732-7315-7D39B323DC9F}.jpg', '2');
INSERT INTO `lanpartyclub_task` VALUES ('368', 'DeleteItemPhoto', 'default6.jpg', '2');
INSERT INTO `lanpartyclub_task` VALUES ('369', 'DeleteItemPhoto', 'default4.jpg', '2');
INSERT INTO `lanpartyclub_task` VALUES ('370', 'DeletePhoto', '{AA52466C-6854-98EE-1150-35BB923B5709}.jpg', '2');
INSERT INTO `lanpartyclub_task` VALUES ('371', 'DeletePhoto', '{414D71FE-8DCB-CEB1-774A-7FF697DD86FD}.jpg', '2');
INSERT INTO `lanpartyclub_task` VALUES ('372', 'DeletePhoto', '{801E5314-8990-B134-7C2A-588186160363}.jpg', '2');
INSERT INTO `lanpartyclub_task` VALUES ('373', 'DeletePhoto', '{1AEE0340-7C77-A108-808D-1AF863001FEB}.jpg', '2');
INSERT INTO `lanpartyclub_task` VALUES ('374', 'DeletePhoto', '{F99D993A-0957-89A6-911D-BC847423D8D6}.jpg', '2');
INSERT INTO `lanpartyclub_task` VALUES ('375', 'DeletePhoto', '{7EA2A24B-82D4-C4B2-95BE-BDBD00C671F1}.jpg', '2');
INSERT INTO `lanpartyclub_task` VALUES ('376', 'DeletePhoto', '{CE5297D9-B05A-E561-52E1-C6B7E932BD97}.jpg', '2');
INSERT INTO `lanpartyclub_task` VALUES ('377', 'DeletePhoto', '{79011854-D4B7-D309-24B0-CC63DB0FB155}.jpg', '2');
INSERT INTO `lanpartyclub_task` VALUES ('379', 'DeletePhoto', '{12D4904C-490C-2380-4315-6E81FE492501}.jpg', '2');
INSERT INTO `lanpartyclub_task` VALUES ('380', 'DeletePhoto', '{534DE087-8BBF-F556-6A3B-401B6EE47B8D}.jpg', '2');
INSERT INTO `lanpartyclub_task` VALUES ('381', 'DeletePhoto', '{1F11387B-E345-6B30-26FD-3A0F7AE30C63}.jpg', '2');
INSERT INTO `lanpartyclub_task` VALUES ('382', 'DeletePhoto', '{AEB1716F-9E40-7B22-83DC-1A5955D023C0}.jpg', '2');
INSERT INTO `lanpartyclub_task` VALUES ('383', 'DeletePhoto', '{8B2D6DA2-ED62-570E-583D-62FE6213DB8C}.jpg', '2');
INSERT INTO `lanpartyclub_task` VALUES ('384', 'DeletePhoto', '{61849166-685E-5091-89C6-20049B42D67B}.jpg', '2');
INSERT INTO `lanpartyclub_task` VALUES ('385', 'DeletePhoto', '{A14642E7-4AC5-9A3B-F2A0-4B1E11F6380A}.png', '2');
INSERT INTO `lanpartyclub_task` VALUES ('386', 'DeletePhoto', '{33199A80-1997-4866-BA45-2490B46CE0BC}.png', '2');
INSERT INTO `lanpartyclub_task` VALUES ('387', 'DeletePhoto', '{62D0FC7E-4DF6-C32A-0315-852C29ADDE70}.jpg', '2');
INSERT INTO `lanpartyclub_task` VALUES ('388', 'DeletePhoto', '{E3F28B9C-DFCF-9050-17E3-566EE91E230E}.jpg', '2');
INSERT INTO `lanpartyclub_task` VALUES ('389', 'DeletePhoto', '{5DCD00BA-C4B4-E489-1874-0D9C37428B7E}.jpg', '2');
INSERT INTO `lanpartyclub_task` VALUES ('392', 'DeletePhoto', '{B08D72BC-102F-0BF6-AF63-76748A4688E8}.jpg', '2');
INSERT INTO `lanpartyclub_task` VALUES ('393', 'DeletePhoto', '{1F8D10DD-CCD9-7069-DA67-FDE13A547338}.jpg', '2');
INSERT INTO `lanpartyclub_task` VALUES ('394', 'DeletePhoto', '{26450225-C95F-BBE8-DCA2-4D59D49A3F31}.jpg', '2');
INSERT INTO `lanpartyclub_task` VALUES ('395', 'DeletePhoto', '{278E0D9C-741A-194B-E71B-9A26E36F1A93}.jpg', '2');
INSERT INTO `lanpartyclub_task` VALUES ('396', 'DeletePhoto', '{9A49AC21-8963-9D82-CFF0-078C85F88401}.jpg', '2');
INSERT INTO `lanpartyclub_task` VALUES ('397', 'DeletePhoto', '{7E73C5F4-FA9A-7889-FA18-C14DC6266010}.jpg', '2');
INSERT INTO `lanpartyclub_task` VALUES ('398', 'DeletePhoto', '{F6B7DE3F-1DE9-2F15-7224-619C3301845F}.jpg', '2');
INSERT INTO `lanpartyclub_task` VALUES ('399', 'DeletePhoto', '{2628B4FD-0808-379E-2A9F-8C4011C9153F}.jpg', '2');
INSERT INTO `lanpartyclub_task` VALUES ('407', 'DeletePhoto', '{05CB5805-DFE4-FE04-4469-D7A6EC516648}.jpg', '2');
INSERT INTO `lanpartyclub_task` VALUES ('408', 'DeletePhoto', '{C05E07C5-44B7-8CAF-049E-BFA4003CB754}.jpg', '2');
INSERT INTO `lanpartyclub_task` VALUES ('409', 'DeletePhoto', '{836F4C62-FA3F-AF29-DE28-90B31E67EAA6}.jpg', '2');
INSERT INTO `lanpartyclub_task` VALUES ('410', 'DeletePhoto', '{DEF9D391-AB52-63F1-55D7-0065009B3972}.jpg', '2');
INSERT INTO `lanpartyclub_task` VALUES ('411', 'DeletePhoto', '{87661785-2B71-27C0-4AC3-7DC5A297D5C3}.jpg', '2');
INSERT INTO `lanpartyclub_task` VALUES ('412', 'DeletePhoto', '{3C3D348A-06DC-921D-E7DE-B7650D87409E}.jpg', '2');
INSERT INTO `lanpartyclub_task` VALUES ('413', 'DeletePhoto', '{7B489A98-ABE5-10E2-50A4-E8FDFD4DBF24}.jpg', '2');
INSERT INTO `lanpartyclub_task` VALUES ('414', 'DeletePhoto', '{889FF192-8E67-6F48-77BF-B5BFC11A51D3}.jpg', '2');
INSERT INTO `lanpartyclub_task` VALUES ('422', 'DeletePhoto', '{CC8C715A-632C-B703-9365-FD20C25FED68}.jpg', '2');
INSERT INTO `lanpartyclub_task` VALUES ('423', 'DeletePhoto', '{F2B3427A-E227-ADE4-4729-712A7134EA1B}.jpg', '2');
INSERT INTO `lanpartyclub_task` VALUES ('424', 'DeletePhoto', '{D38C8A57-5ECB-8785-F91B-A2ECE7FCAA7A}.jpg', '2');
INSERT INTO `lanpartyclub_task` VALUES ('425', 'DeletePhoto', '{3EAFD37D-7443-8EFA-8E12-A09AAAD936C2}.jpg', '2');
INSERT INTO `lanpartyclub_task` VALUES ('426', 'DeletePhoto', '{952AF974-109F-00AE-97A7-49BDA8234972}.jpg', '2');
INSERT INTO `lanpartyclub_task` VALUES ('427', 'DeletePhoto', '{CE3D0F2D-A4FB-7CAB-1248-84E0A813AFAB}.jpg', '2');
INSERT INTO `lanpartyclub_task` VALUES ('428', 'DeletePhoto', '{0FCBB896-5963-26AC-3383-6D3A06D5A7F4}.jpg', '2');
INSERT INTO `lanpartyclub_task` VALUES ('429', 'DeletePhoto', '{B81E8C78-FDBF-DE32-1A32-3A4C89E5A59F}.jpg', '2');
INSERT INTO `lanpartyclub_task` VALUES ('437', 'DeletePhoto', '{E3ADA28D-673F-874E-0636-F3B53BB55706}.jpg', '2');
INSERT INTO `lanpartyclub_task` VALUES ('438', 'DeletePhoto', '{1B1F37AC-6916-0D30-6A50-68ECFCFF1AA6}.jpg', '2');
INSERT INTO `lanpartyclub_task` VALUES ('439', 'DeletePhoto', '{13EBD104-A65E-0ED5-9A34-9BAE8C6457C7}.jpg', '2');
INSERT INTO `lanpartyclub_task` VALUES ('440', 'DeletePhoto', '{062C365F-9C43-17FD-893C-2BD5E1A2450F}.jpg', '2');
INSERT INTO `lanpartyclub_task` VALUES ('441', 'DeletePhoto', '{C0EC5D3D-CFD0-3A54-05E1-F7B9A20E695D}.jpg', '2');
INSERT INTO `lanpartyclub_task` VALUES ('442', 'DeletePhoto', '{A49AE4B5-5755-5BF9-EBF2-71FC0779A504}.jpg', '2');
INSERT INTO `lanpartyclub_task` VALUES ('443', 'DeletePhoto', '{5424D81A-801C-3E24-8BB7-532CF67417E6}.jpg', '2');
INSERT INTO `lanpartyclub_task` VALUES ('444', 'DeletePhoto', '{89AE365D-4242-78CC-D014-AB6A1EB5C6BC}.jpg', '2');
INSERT INTO `lanpartyclub_task` VALUES ('452', 'DeletePhoto', '{9626DFCC-8DCD-C6FA-BAA7-52C8136015DC}.jpg', '2');
INSERT INTO `lanpartyclub_task` VALUES ('453', 'DeletePhoto', '{ACB50635-0CBA-4D38-F53A-679AD8FFE125}.jpg', '2');
INSERT INTO `lanpartyclub_task` VALUES ('454', 'DeletePhoto', '{B5EC6886-43DE-BCDD-D60F-79E224661B0F}.jpg', '2');
INSERT INTO `lanpartyclub_task` VALUES ('455', 'DeletePhoto', '{94663F2A-5809-CC0C-4841-DDC4BC0D2728}.jpg', '2');
INSERT INTO `lanpartyclub_task` VALUES ('456', 'DeletePhoto', '{25BCB5D2-32ED-6C78-253C-6CD70F2BF1B8}.jpg', '2');
INSERT INTO `lanpartyclub_task` VALUES ('459', 'DeletePhoto', '{C4C92978-C6D0-E109-9818-F0FECCBD9897}.jpg', '2');
INSERT INTO `lanpartyclub_task` VALUES ('460', 'DeletePhoto', '{EBA85798-EFFB-C28B-EC52-EDE72AB14BDE}.jpg', '2');
INSERT INTO `lanpartyclub_task` VALUES ('461', 'DeletePhoto', '{0CAAAA30-9776-5040-9805-FD1994CEC4EA}.jpg', '2');
INSERT INTO `lanpartyclub_task` VALUES ('462', 'DeletePhoto', '{EFF6F8B9-7157-92EF-7256-598CFF2EA681}.jpg', '2');
INSERT INTO `lanpartyclub_task` VALUES ('463', 'DeletePhoto', '{05CDD508-C287-921A-2D78-41413CC2A60C}.jpg', '2');
INSERT INTO `lanpartyclub_task` VALUES ('464', 'DeletePhoto', '{CECFD458-C502-5EEE-9B59-83513069EC8B}.jpg', '2');
INSERT INTO `lanpartyclub_task` VALUES ('465', 'DeletePhoto', '{375B0A7A-A36A-66BD-15DC-BFA46F0A2C75}.jpg', '2');
INSERT INTO `lanpartyclub_task` VALUES ('466', 'DeletePhoto', '{F1CA940F-4CAC-9C54-4661-402C172B3C5C}.jpg', '2');
INSERT INTO `lanpartyclub_task` VALUES ('474', 'DeletePhoto', '{508079C1-A6B0-93C7-880B-1CCEE9378145}.jpg', '2');
INSERT INTO `lanpartyclub_task` VALUES ('475', 'DeletePhoto', '{CC16F38D-B8D7-D474-AE96-C35E8D34154E}.jpg', '2');
INSERT INTO `lanpartyclub_task` VALUES ('476', 'DeletePhoto', '{B2A30124-20B6-753D-E223-C7C654F3F924}.jpg', '2');
INSERT INTO `lanpartyclub_task` VALUES ('477', 'DeletePhoto', '{4010D833-8599-FBA7-9BD9-25A79075DFCB}.jpg', '2');
INSERT INTO `lanpartyclub_task` VALUES ('478', 'DeletePhoto', '{EED8AC30-A0E8-6618-6D1C-5AF4E58C831E}.jpg', '2');
INSERT INTO `lanpartyclub_task` VALUES ('479', 'DeletePhoto', '{330D99CC-1437-E611-7D3D-EECF7CC86D69}.jpg', '2');
INSERT INTO `lanpartyclub_task` VALUES ('480', 'DeletePhoto', '{DDD9D124-B88A-FD49-BEE8-8143F3169931}.jpg', '2');
INSERT INTO `lanpartyclub_task` VALUES ('481', 'DeletePhoto', '{89912D6C-E3E6-BD8F-9D6E-50FC79CB3F38}.jpg', '2');
INSERT INTO `lanpartyclub_task` VALUES ('482', 'DeletePhoto', '{2C63037A-666C-015A-E109-78ED70F579BE}.jpg', '2');
INSERT INTO `lanpartyclub_task` VALUES ('483', 'DeletePhoto', '{D837C620-2012-AE83-F51F-113F0F784599}.jpg', '2');
INSERT INTO `lanpartyclub_task` VALUES ('484', 'DeletePhoto', '{CA443BC0-7CB4-C777-E738-ECE8520CE085}.jpg', '2');
INSERT INTO `lanpartyclub_task` VALUES ('485', 'DeletePhoto', '{EF205F90-D1A5-A24C-F4D2-9176400AA1DD}.jpg', '2');
INSERT INTO `lanpartyclub_task` VALUES ('493', 'DeletePhoto', '{87AA403D-8411-92C3-39D6-D54518472836}.jpg', '2');
INSERT INTO `lanpartyclub_task` VALUES ('494', 'DeletePhoto', '{32AE3A0B-CD1C-937E-F96E-E8FD174D5905}.jpg', '2');
INSERT INTO `lanpartyclub_task` VALUES ('495', 'DeleteItemPhoto', '{5A4CC462-5059-4E7C-7E59-BF0B1B05A819}.jpg', '2');
INSERT INTO `lanpartyclub_task` VALUES ('496', 'DeletePhoto', '{06B44880-DDED-CEAA-ECE4-F924F0AB7DCB}.jpg', '2');
INSERT INTO `lanpartyclub_task` VALUES ('497', 'DeletePhoto', '{543359FD-D331-F240-9B15-4F74C957A1F3}.jpg', '2');
INSERT INTO `lanpartyclub_task` VALUES ('499', 'DeletePhoto', '{2118706D-2322-C897-4C01-5A46C5AC6A79}.jpg', '2');
INSERT INTO `lanpartyclub_task` VALUES ('500', 'DeletePhoto', '{2F60C247-0E5C-EC69-1E9B-F175326FDB91}.jpg', '2');
INSERT INTO `lanpartyclub_task` VALUES ('501', 'DeletePhoto', '{F8B2D1F6-C286-4930-7895-E1EFEE83C2AC}.jpg', '2');
INSERT INTO `lanpartyclub_task` VALUES ('502', 'DeletePhoto', '{933E5A46-C781-6D3B-3FED-900F15CF4AD2}.jpg', '2');
INSERT INTO `lanpartyclub_task` VALUES ('506', 'DeleteItemPhoto', '{53D7EE51-857E-D3C3-FFB5-86A3533FE870}.jpg', '2');
INSERT INTO `lanpartyclub_task` VALUES ('507', 'DeletePhoto', '{8BFDE7D3-6386-7BE4-9663-6D72AB0A93A4}.jpg', '2');
INSERT INTO `lanpartyclub_task` VALUES ('508', 'DeleteItemPhoto', '{3B256822-F209-3039-AFD2-56E2001FA891}.jpg', '0');
INSERT INTO `lanpartyclub_task` VALUES ('509', 'DeleteItemPhoto', '{106FC2EA-7D5C-7C15-13C6-B1550E64F138}.png', '0');
INSERT INTO `lanpartyclub_task` VALUES ('510', 'DeleteItemPhoto', '{19724484-8DA0-BFEE-7041-968896707E95}.jpg', '0');
INSERT INTO `lanpartyclub_task` VALUES ('511', 'DeleteItemPhoto', '{667BFC92-CCF1-CB54-9B03-1A9730B796F0}.png', '0');
INSERT INTO `lanpartyclub_task` VALUES ('512', 'DeleteItemPhoto', '{8125C643-77B0-690B-081C-BEA78F9CE462}.png', '0');
INSERT INTO `lanpartyclub_task` VALUES ('513', 'DeleteItemPhoto', '{67A2FE98-AD62-34AB-9B78-5744982FDB72}.png', '0');
INSERT INTO `lanpartyclub_task` VALUES ('514', 'DeleteItemPhoto', '{0ED1E660-DFF6-A324-4BB4-6F6D7EBFF568}.png', '0');
INSERT INTO `lanpartyclub_task` VALUES ('515', 'DeleteItemPhoto', '{9AE94424-E2AE-3914-14DA-31BF5B3D9C54}.png', '0');
INSERT INTO `lanpartyclub_task` VALUES ('516', 'DeleteItemPhoto', '{F8A25CC7-95D9-08CD-137E-F5A755DE0E01}.png', '0');
INSERT INTO `lanpartyclub_task` VALUES ('517', 'DeleteItemPhoto', '{EC37664E-B7D9-C2C2-F6AF-7CE45246002E}.png', '0');
INSERT INTO `lanpartyclub_task` VALUES ('518', 'DeleteItemPhoto', '{B4ACC353-2302-7F20-44BD-EA7EAEC02646}.png', '0');
INSERT INTO `lanpartyclub_task` VALUES ('519', 'DeleteItemPhoto', '{55EDEAB6-D6B9-82DA-E07B-28544D3D277C}.png', '0');
INSERT INTO `lanpartyclub_task` VALUES ('520', 'DeleteItemPhoto', '{2DF271D3-8FE0-81B1-4115-C30CF7C898F2}.png', '0');
INSERT INTO `lanpartyclub_task` VALUES ('521', 'DeleteItemPhoto', '{8575DAAE-721D-A4E7-B05F-B9410ACE0E1C}.png', '0');
INSERT INTO `lanpartyclub_task` VALUES ('522', 'DeleteItemPhoto', '{B9705382-E6A6-07FB-B7BB-DA524BDA8EDC}.png', '0');
INSERT INTO `lanpartyclub_task` VALUES ('523', 'DeleteItemPhoto', '{27FB882E-AC44-9D15-7D86-BA767BD39CA7}.png', '0');
INSERT INTO `lanpartyclub_task` VALUES ('524', 'DeleteItemPhoto', '{F1E1299C-D4B9-CD0A-EE13-3F195E068FC4}.png', '0');
INSERT INTO `lanpartyclub_task` VALUES ('525', 'DeleteItemPhoto', '{724AB6CE-48B2-728B-1CF1-FDD21D4A0603}.png', '0');
INSERT INTO `lanpartyclub_task` VALUES ('526', 'DeleteItemPhoto', '{0F358D6C-92F8-0C99-44A1-BB7558032C17}.png', '0');
INSERT INTO `lanpartyclub_task` VALUES ('527', 'DeleteItemPhoto', '{3CF5DCFD-4CE0-C4A9-954F-0447824EB915}.png', '0');
INSERT INTO `lanpartyclub_task` VALUES ('528', 'DeleteItemPhoto', '{DBC34631-84C9-8F70-A628-C376F2BE3A68}.jpg', '0');
INSERT INTO `lanpartyclub_task` VALUES ('529', 'DeleteItemPhoto', '{844F1BFA-3685-B954-1337-00956980F5F9}.jpg', '0');
INSERT INTO `lanpartyclub_task` VALUES ('530', 'DeleteItemPhoto', '{EDB9C983-EE7D-1DA7-A205-F5E8F430DEBA}.jpg', '0');
INSERT INTO `lanpartyclub_task` VALUES ('531', 'DeleteItemPhoto', '{FA968E0B-D7AB-160A-188A-0BEFAA47986E}.png', '0');
INSERT INTO `lanpartyclub_task` VALUES ('532', 'DeleteItemPhoto', '{30CE6358-0D31-B6CE-EBC5-4BC9384C79D9}.png', '0');
INSERT INTO `lanpartyclub_task` VALUES ('533', 'DeleteItemPhoto', '{126F59D7-C6E4-9627-F190-70E8429A14A8}.png', '0');
INSERT INTO `lanpartyclub_task` VALUES ('534', 'DeleteItemPhoto', '{E10D9361-CF11-EB74-5777-E02C9D8B52F7}.png', '0');
INSERT INTO `lanpartyclub_task` VALUES ('535', 'DeleteItemPhoto', '{C20C1A64-F364-5260-6838-8DE83D4BA028}.png', '0');
INSERT INTO `lanpartyclub_task` VALUES ('536', 'DeleteItemPhoto', '{63C3AB88-4BDB-DF7E-5517-2905A796E40D}.png', '0');
INSERT INTO `lanpartyclub_task` VALUES ('537', 'DeleteItemPhoto', '{1438E6A6-D203-2142-9B3A-F9832D5A8BDA}.png', '0');
INSERT INTO `lanpartyclub_task` VALUES ('538', 'DeleteItemPhoto', '{A3CA3C37-BE29-A470-9F7C-3CF3184AA7CD}.png', '0');
INSERT INTO `lanpartyclub_task` VALUES ('543', 'DeleteItemPhoto', '{71F2531E-1DD0-3542-2A23-97F3AD69DFCB}.jpg', '0');
INSERT INTO `lanpartyclub_task` VALUES ('544', 'DeleteItemPhoto', '{22084321-4CA3-0A08-DCAA-37AB4EA03BB6}.jpg', '0');
INSERT INTO `lanpartyclub_task` VALUES ('545', 'DeleteItemPhoto', '{E81DE47D-C09C-53B3-7BFE-C0233C2C8742}.jpg', '0');
INSERT INTO `lanpartyclub_task` VALUES ('546', 'DeleteItemPhoto', '{A1AB30A4-FE20-9415-B36F-FCD25C979D1B}.jpg', '0');
INSERT INTO `lanpartyclub_task` VALUES ('547', 'DeleteItemPhoto', '{F7315E94-C75D-076B-7BD6-856EB7E99723}.jpg', '0');
INSERT INTO `lanpartyclub_task` VALUES ('548', 'DeleteItemPhoto', '{E9626652-9819-2259-4E69-945219F4C533}.jpg', '0');
INSERT INTO `lanpartyclub_task` VALUES ('549', 'DeleteItemPhoto', '{5D8AF746-2CA2-88D6-F8E0-5D87C19FC466}.jpg', '0');
INSERT INTO `lanpartyclub_task` VALUES ('550', 'DeleteItemPhoto', '{471CEF2C-C3EC-5CDD-D904-99C63537FC07}.jpg', '0');
INSERT INTO `lanpartyclub_task` VALUES ('551', 'DeleteItemPhoto', '{5DA2A803-8551-4424-333B-1E346AD06BD2}.jpg', '0');
INSERT INTO `lanpartyclub_task` VALUES ('552', 'DeleteItemPhoto', '{36F2F92B-5C72-C7E5-66C8-E77DF7305315}.jpg', '0');
INSERT INTO `lanpartyclub_task` VALUES ('553', 'DeleteItemPhoto', '{85B654F1-EB38-A77C-E945-452A146F7077}.jpg', '0');
INSERT INTO `lanpartyclub_task` VALUES ('554', 'DeletePhoto', '{31723943-60CD-215C-54B0-E3D43A874820}.jpg', '0');
INSERT INTO `lanpartyclub_task` VALUES ('555', 'DeletePhoto', '{7057E252-EF7C-A12E-3667-D3FD319C3476}.jpg', '0');
INSERT INTO `lanpartyclub_task` VALUES ('556', 'DeletePhoto', '{98FA3123-9E9A-AA65-AC44-D414CA13CCE6}.jpg', '0');
INSERT INTO `lanpartyclub_task` VALUES ('557', 'DeletePhoto', '{851D4A66-5642-DAB2-A9D6-BC2C2677323C}.jpg', '0');
INSERT INTO `lanpartyclub_task` VALUES ('558', 'DeleteItemPhoto', '{0E1C502A-19D9-C1EB-DDEA-A08F5E32D1E9}.jpg', '0');
INSERT INTO `lanpartyclub_task` VALUES ('559', 'DeleteItemPhoto', '{888F0D95-93C6-4308-737D-30725288E91E}.jpg', '0');
INSERT INTO `lanpartyclub_task` VALUES ('560', 'DeleteItemPhoto', '{D1ABF5AA-29DE-32C1-AAC6-7F2721D4E6DF}.jpg', '0');
INSERT INTO `lanpartyclub_task` VALUES ('561', 'DeleteItemPhoto', '{9E8F8747-D2AA-691E-D4D2-DD56B56D90AE}.jpg', '0');
INSERT INTO `lanpartyclub_task` VALUES ('562', 'DeleteItemPhoto', '{FF7B9F86-435C-1C66-0FB8-5ACC677E0A97}.jpg', '0');
INSERT INTO `lanpartyclub_task` VALUES ('563', 'DeleteItemPhoto', '{BCEA6CE7-E871-FFD7-1EF6-2786390608C2}.jpg', '0');
INSERT INTO `lanpartyclub_task` VALUES ('564', 'DeleteItemPhoto', '{838B18DE-01DB-9E9C-BE2F-75842F42F72C}.jpg', '0');
INSERT INTO `lanpartyclub_task` VALUES ('565', 'DeleteItemPhoto', '{AB302EB7-B9FD-62CF-A507-689B4B468BA3}.jpg', '0');
INSERT INTO `lanpartyclub_task` VALUES ('566', 'DeleteItemPhoto', '{7FCF4EDD-E0DC-BF75-1151-1E10685C9B3D}.jpg', '0');
INSERT INTO `lanpartyclub_task` VALUES ('567', 'DeleteItemPhoto', '{B4A0F441-3DB8-3E70-DDB6-84F42DC1B7DB}.jpg', '0');
INSERT INTO `lanpartyclub_task` VALUES ('568', 'DeleteItemPhoto', '{1266B812-B7D1-0D96-AC66-F728773C95BE}.jpg', '0');
INSERT INTO `lanpartyclub_task` VALUES ('569', 'DeleteItemPhoto', '{074F6C51-CA31-D25E-2722-196DBAFCEB07}.jpg', '0');
INSERT INTO `lanpartyclub_task` VALUES ('570', 'DeleteItemPhoto', '{EA1293F8-520C-8062-5577-96E2815EA6E5}.jpg', '0');
INSERT INTO `lanpartyclub_task` VALUES ('571', 'DeleteItemPhoto', '{F17C11AA-968F-C288-97EC-5AF11415F0F1}.jpg', '0');
INSERT INTO `lanpartyclub_task` VALUES ('572', 'DeleteItemPhoto', '{F2354B05-C216-E5A1-10B9-264E5572841B}.jpg', '0');
INSERT INTO `lanpartyclub_task` VALUES ('573', 'DeleteItemPhoto', '{9002E72A-A1F0-2BAA-B6F7-A20C1301D4FA}.jpg', '0');
INSERT INTO `lanpartyclub_task` VALUES ('574', 'DeleteItemPhoto', '{59748B0C-75B6-75F9-5B07-228B89F6343E}.jpg', '0');
INSERT INTO `lanpartyclub_task` VALUES ('575', 'DeleteItemPhoto', '{37EA3A8F-D078-AEA5-0C27-F8CD52E27A7E}.jpg', '0');
INSERT INTO `lanpartyclub_task` VALUES ('576', 'DeleteItemPhoto', '{CD9DAFBC-DB27-DB88-6AFB-ABCA3569CE24}.jpg', '0');
INSERT INTO `lanpartyclub_task` VALUES ('577', 'DeleteItemPhoto', '{0058E262-A4DB-C910-B1FE-849924941ADB}.jpg', '0');
INSERT INTO `lanpartyclub_task` VALUES ('578', 'DeleteItemPhoto', '{C9E8C10C-3896-F720-75D7-184F8CCD8EAD}.jpg', '0');
INSERT INTO `lanpartyclub_task` VALUES ('579', 'DeleteItemPhoto', '{E0EF9EC4-34DA-7DBE-275B-A7A490CCA6D2}.jpg', '0');
INSERT INTO `lanpartyclub_task` VALUES ('580', 'DeleteItemPhoto', '{AF12E03C-BE96-FF82-56D1-12E38C9C0000}.jpg', '0');
INSERT INTO `lanpartyclub_task` VALUES ('581', 'DeleteItemPhoto', '{EA7E4C0E-0D7D-AB8E-F7C3-0D33FD0C9E73}.jpg', '0');
INSERT INTO `lanpartyclub_task` VALUES ('582', 'DeleteItemPhoto', '{7DB32C1B-82AB-F51C-E6F8-6048E9EEFF80}.jpg', '0');
INSERT INTO `lanpartyclub_task` VALUES ('583', 'DeleteItemPhoto', '{C404BA75-588D-2491-AE90-BFBC51307E94}.jpg', '0');
INSERT INTO `lanpartyclub_task` VALUES ('584', 'DeleteItemPhoto', '{FAE78556-343F-E8FC-B1AA-6C81A130903E}.jpg', '0');
INSERT INTO `lanpartyclub_task` VALUES ('585', 'DeleteItemPhoto', '{668A7473-AA31-283B-2315-28C7503F25AD}.jpg', '0');
INSERT INTO `lanpartyclub_task` VALUES ('586', 'DeleteItemPhoto', '{5ACA7B3B-544C-30B7-EBDE-7D6320FBECEC}.jpg', '0');
INSERT INTO `lanpartyclub_task` VALUES ('587', 'DeleteItemPhoto', '{628D8E29-31AE-BC0D-3F67-219E6F1A0E89}.jpg', '0');
INSERT INTO `lanpartyclub_task` VALUES ('588', 'DeleteItemPhoto', '{22340255-FF3A-B483-851B-51B9AFB7E3FA}.jpg', '0');
INSERT INTO `lanpartyclub_task` VALUES ('589', 'DeleteItemPhoto', '{CE849DE6-A97E-EDBE-C52F-738E587EB94F}.jpg', '0');
INSERT INTO `lanpartyclub_task` VALUES ('590', 'DeleteItemPhoto', '{5EC4A4EC-5F42-D2E4-9E5C-DDE8FE04747E}.jpg', '0');
INSERT INTO `lanpartyclub_task` VALUES ('591', 'DeleteItemPhoto', '{55C3BC76-FCAF-D81B-B7C4-B56788F49CF1}.jpg', '0');
INSERT INTO `lanpartyclub_task` VALUES ('592', 'DeleteItemPhoto', '{1D02E994-12A6-60E6-738D-A692CF4D4C9F}.jpg', '0');
INSERT INTO `lanpartyclub_task` VALUES ('593', 'DeleteItemPhoto', '{1AD2B5EB-8A56-BE75-0766-EA02E564E647}.jpg', '0');
INSERT INTO `lanpartyclub_task` VALUES ('594', 'DeleteItemPhoto', '{5E76CA0E-2966-0393-BA33-5C0A6A45E258}.jpg', '0');
INSERT INTO `lanpartyclub_task` VALUES ('595', 'DeleteItemPhoto', '{80A09804-4132-977C-D3DF-75C93DB2D51E}.jpg', '0');
INSERT INTO `lanpartyclub_task` VALUES ('596', 'DeleteItemPhoto', '{5F4AE330-6786-1347-7E5F-BD0827357892}.jpg', '0');
INSERT INTO `lanpartyclub_task` VALUES ('597', 'DeleteItemPhoto', '{9D0668AA-C5E0-A700-A559-BFDCAA0F21A3}.jpg', '0');
INSERT INTO `lanpartyclub_task` VALUES ('598', 'DeleteItemPhoto', '{BAD803AC-DA64-6E64-0134-2EEACAF2FB51}.jpg', '0');
INSERT INTO `lanpartyclub_task` VALUES ('599', 'DeleteItemPhoto', '{56B3CC2A-6334-D710-AF6B-49E2E7603782}.jpg', '0');
INSERT INTO `lanpartyclub_task` VALUES ('600', 'DeleteItemPhoto', '{B5FFFAE3-924A-670B-5CE3-A6A29FB22BF2}.jpg', '0');
INSERT INTO `lanpartyclub_task` VALUES ('601', 'DeleteItemPhoto', '{3ED6FA22-0AC7-3642-9F9F-9EAC5563CCF8}.jpg', '0');
INSERT INTO `lanpartyclub_task` VALUES ('602', 'DeleteItemPhoto', '{A7BD2B30-2D29-6C17-0DC8-6A39C4B8C5FD}.jpg', '0');
INSERT INTO `lanpartyclub_task` VALUES ('603', 'DeleteItemPhoto', '{C3E65B05-9F3F-6781-2F5B-C680979AD693}.jpg', '0');
INSERT INTO `lanpartyclub_task` VALUES ('604', 'DeleteItemPhoto', '{1D44855B-0137-26D8-D151-CAD39D78AC43}.jpg', '0');
INSERT INTO `lanpartyclub_task` VALUES ('605', 'DeleteItemPhoto', '{1D45ED3F-0FF0-F33A-66AA-9166B09F0AD2}.jpg', '0');
INSERT INTO `lanpartyclub_task` VALUES ('606', 'DeleteItemPhoto', '{3908F22A-46EF-29A9-0D7B-6F013532CF26}.jpg', '0');
INSERT INTO `lanpartyclub_task` VALUES ('607', 'DeleteItemPhoto', '{74C23651-6B15-B442-87C2-F430E567AA80}.jpg', '0');
INSERT INTO `lanpartyclub_task` VALUES ('608', 'DeleteItemPhoto', '{B8D2A77E-AECE-F9DF-2AF6-EEAE8E0838A5}.jpg', '0');
INSERT INTO `lanpartyclub_task` VALUES ('609', 'DeleteItemPhoto', '{2BAE38BD-2283-98D2-3AAE-589DA799500B}.jpg', '0');
INSERT INTO `lanpartyclub_task` VALUES ('610', 'DeleteItemPhoto', '{129C4B53-DB0F-27F6-CEFB-6E030FF491D9}.jpg', '0');
INSERT INTO `lanpartyclub_task` VALUES ('611', 'DeleteItemPhoto', '{ED5382C5-D2E3-2046-6DE4-CE13DCBD959F}.jpg', '0');
INSERT INTO `lanpartyclub_task` VALUES ('612', 'DeleteItemPhoto', '{DFC7BE95-1108-7335-76DA-F296F49E43F2}.jpg', '0');
INSERT INTO `lanpartyclub_task` VALUES ('613', 'DeleteItemPhoto', '{ACB40FF5-E398-B297-AD2B-18DCC90846B7}.jpg', '0');
INSERT INTO `lanpartyclub_task` VALUES ('614', 'DeleteItemPhoto', '{DE0E1BC3-51D1-2342-2B8A-2355BD3FD280}.jpg', '0');
INSERT INTO `lanpartyclub_task` VALUES ('615', 'DeleteItemPhoto', '{96839A46-3985-9CBA-D9CD-0281CAD3E43A}.jpg', '0');
INSERT INTO `lanpartyclub_task` VALUES ('616', 'DeleteItemPhoto', '{24CCD4B0-1D9C-F3B7-C237-A50E9399C54F}.jpg', '0');
INSERT INTO `lanpartyclub_task` VALUES ('617', 'DeleteItemPhoto', '{92E60F69-6AA2-4DAB-FFFC-1469C79DC5DF}.jpg', '0');
INSERT INTO `lanpartyclub_task` VALUES ('618', 'DeleteItemPhoto', '{E3977162-2114-0A46-AF2B-9BDBBCA68E86}.jpg', '0');
INSERT INTO `lanpartyclub_task` VALUES ('619', 'DeleteItemPhoto', '{145BAD81-0076-642F-2987-72681A986CF9}.jpg', '0');
INSERT INTO `lanpartyclub_task` VALUES ('620', 'DeleteItemPhoto', '{820C2D8F-AA8A-CEC2-D7BD-8110A81EA2CB}.jpg', '0');
INSERT INTO `lanpartyclub_task` VALUES ('621', 'DeleteItemPhoto', '{B4313C90-00AF-D844-02DB-AC96C2A3F683}.jpg', '0');
INSERT INTO `lanpartyclub_task` VALUES ('622', 'DeleteItemPhoto', '{92EF0E16-81DE-3CE7-812A-581D1EB3E5ED}.jpg', '0');
INSERT INTO `lanpartyclub_task` VALUES ('623', 'DeleteItemPhoto', '{325FD5F8-D6F8-052E-CAE9-4F81B0941AE3}.jpg', '0');
INSERT INTO `lanpartyclub_task` VALUES ('624', 'DeleteItemPhoto', '{05E889D0-353D-4A10-22F1-FD66CC99C698}.jpg', '0');
INSERT INTO `lanpartyclub_task` VALUES ('625', 'DeleteItemPhoto', '{2B697583-32B7-2350-1642-3693EBF1803A}.jpg', '0');
INSERT INTO `lanpartyclub_task` VALUES ('626', 'DeleteItemPhoto', '{44F84625-53A7-2761-A77B-3B58438DDF83}.jpg', '0');
INSERT INTO `lanpartyclub_task` VALUES ('627', 'DeleteItemPhoto', '{A971BF31-7A9D-3619-4C0F-AA3B02F7ECB4}.jpg', '0');
INSERT INTO `lanpartyclub_task` VALUES ('628', 'DeleteItemPhoto', '{6B5FE612-10D6-1205-F186-960BCC00D496}.jpg', '0');
INSERT INTO `lanpartyclub_task` VALUES ('629', 'DeleteItemPhoto', '{0EAABF22-5BE7-DF56-E629-16DBC458672D}.jpg', '0');
INSERT INTO `lanpartyclub_task` VALUES ('630', 'DeleteItemPhoto', '{F56AE05C-A98B-CE9B-27FD-5CA9F8DA4BCF}.jpg', '0');
INSERT INTO `lanpartyclub_task` VALUES ('631', 'DeleteItemPhoto', '{E99469E9-2621-5289-2A9A-010BE0DDD0A1}.jpg', '0');
INSERT INTO `lanpartyclub_task` VALUES ('632', 'DeleteItemPhoto', '{96DF01FA-3BD5-E9CE-7624-32DA36C80329}.jpg', '0');
INSERT INTO `lanpartyclub_task` VALUES ('633', 'DeleteItemPhoto', '{23D9114B-BD05-E0C3-51E4-C07C7BA094B4}.jpg', '0');
INSERT INTO `lanpartyclub_task` VALUES ('634', 'DeleteItemPhoto', '{FA8132D9-3609-60C1-222F-6F1E255CB071}.jpg', '0');
INSERT INTO `lanpartyclub_task` VALUES ('635', 'DeleteItemPhoto', '{B5DB6AC9-0073-9F41-25BB-4EF621DE4B5C}.jpg', '0');
INSERT INTO `lanpartyclub_task` VALUES ('636', 'DeleteItemPhoto', '{8855F181-CF3E-7FFB-D0CE-DA6BF1175F4A}.jpg', '0');
INSERT INTO `lanpartyclub_task` VALUES ('637', 'DeleteItemPhoto', '{A8685F98-EF7F-F236-FDFA-08D3423C0AD6}.jpg', '0');
INSERT INTO `lanpartyclub_task` VALUES ('638', 'DeleteItemPhoto', '{E59E94ED-E8B5-7F5C-3C7A-DE9274C374B3}.jpg', '0');
INSERT INTO `lanpartyclub_task` VALUES ('639', 'DeleteItemPhoto', '{2E265A17-9F3C-0843-C8EC-502EA3967CFF}.jpg', '0');
INSERT INTO `lanpartyclub_task` VALUES ('640', 'DeleteItemPhoto', '{CB7B9B37-C557-76AA-5BE8-E3E5FA90F8E1}.jpg', '0');
INSERT INTO `lanpartyclub_task` VALUES ('641', 'DeleteItemPhoto', '{428241DC-F027-5B40-2E48-25117862D046}.jpg', '0');
INSERT INTO `lanpartyclub_task` VALUES ('642', 'DeleteItemPhoto', '{AFC4090D-A498-466A-4A16-1BF59095441F}.jpg', '0');
INSERT INTO `lanpartyclub_task` VALUES ('643', 'DeleteItemPhoto', '{56CE7411-07CA-11A4-9E8E-9ED834ADE20E}.jpg', '0');
INSERT INTO `lanpartyclub_task` VALUES ('644', 'DeleteItemPhoto', '{688C240C-B898-2BB4-90CE-205706994DA9}.jpg', '0');
INSERT INTO `lanpartyclub_task` VALUES ('645', 'DeleteItemPhoto', '{C9468C2A-6276-C352-4E74-9AB9CA1A1F28}.jpg', '0');
INSERT INTO `lanpartyclub_task` VALUES ('646', 'DeleteItemPhoto', '{46C39975-8A56-0EA7-DF07-3D1000B02924}.jpg', '0');
INSERT INTO `lanpartyclub_task` VALUES ('647', 'DeleteItemPhoto', '{2BE5F248-8D32-5DF4-7135-A6A8501F0E30}.jpg', '0');
INSERT INTO `lanpartyclub_task` VALUES ('648', 'DeleteItemPhoto', '{8A504DC2-FAE8-2B32-7EF5-D8CA93F5B1CC}.jpg', '0');
INSERT INTO `lanpartyclub_task` VALUES ('649', 'DeleteItemPhoto', '{41B01E5D-45C4-CE5D-2CBA-62F9E9A2B105}.jpg', '0');
INSERT INTO `lanpartyclub_task` VALUES ('650', 'DeleteItemPhoto', '{0965FA7F-2686-A82C-CEBB-0EC7F9EB5BCF}.png', '0');
INSERT INTO `lanpartyclub_task` VALUES ('651', 'DeleteItemPhoto', '{17932122-C859-FBBF-C935-09201C9AE769}.jpg', '0');
INSERT INTO `lanpartyclub_task` VALUES ('652', 'DeleteItemPhoto', '{88E6766A-D7F4-6BF6-E273-C4B7731F24E8}.jpg', '0');
INSERT INTO `lanpartyclub_task` VALUES ('653', 'DeleteItemPhoto', '{8809A56F-4315-1F08-D127-58F29604646B}.png', '0');
INSERT INTO `lanpartyclub_task` VALUES ('654', 'DeleteItemPhoto', '{6B923CB2-D6A0-3B06-A4E8-C8D804858465}.jpg', '0');
INSERT INTO `lanpartyclub_task` VALUES ('655', 'DeleteItemPhoto', '{E737FD43-33A8-4327-2B97-84A5F91A0F8F}.jpg', '0');
INSERT INTO `lanpartyclub_task` VALUES ('656', 'DeleteItemPhoto', '{91CCE7BB-C468-EFE7-BF06-A837252B741D}.jpg', '0');
INSERT INTO `lanpartyclub_task` VALUES ('657', 'DeleteItemPhoto', '{58FFA17B-90A7-5A45-46B8-B0E62F2B9801}.jpg', '0');
INSERT INTO `lanpartyclub_task` VALUES ('658', 'DeleteItemPhoto', '{517179BE-8EB6-C77F-2E15-6639651D1568}.jpg', '0');
INSERT INTO `lanpartyclub_task` VALUES ('659', 'DeleteItemPhoto', '{44B2717C-3004-7843-87C0-805C4BEAF27A}.jpg', '0');
INSERT INTO `lanpartyclub_task` VALUES ('660', 'DeleteItemPhoto', '{4B122707-1537-0DCD-6D3A-D4913D6F077E}.png', '0');
INSERT INTO `lanpartyclub_task` VALUES ('661', 'DeleteItemPhoto', '{61A2E138-6DFC-1673-A63D-DC77B997EF90}.jpg', '0');
INSERT INTO `lanpartyclub_task` VALUES ('662', 'DeleteItemPhoto', '{C243A42E-C60C-BBCF-325D-C6CC00A98A58}.jpg', '0');
INSERT INTO `lanpartyclub_task` VALUES ('663', 'DeleteItemPhoto', '{0AC3AF53-D9B0-3AD6-8C66-2F99F6AD3951}.jpg', '0');
INSERT INTO `lanpartyclub_task` VALUES ('664', 'DeleteItemPhoto', '{C6615E82-9EE8-DC90-5468-41D0BCB9A091}.jpg', '0');
INSERT INTO `lanpartyclub_task` VALUES ('665', 'DeleteItemPhoto', '{DDFFBDE6-4ED7-A4E7-B509-977DC7B81C20}.jpg', '0');
INSERT INTO `lanpartyclub_task` VALUES ('666', 'DeleteItemPhoto', '{E5C7A753-C506-12EE-555A-DB59B8282BB8}.jpg', '0');
INSERT INTO `lanpartyclub_task` VALUES ('667', 'DeleteItemPhoto', '{67A4F725-04BE-1C6C-229B-693EB4072868}.jpg', '0');
INSERT INTO `lanpartyclub_task` VALUES ('668', 'DeleteItemPhoto', '{266721CF-7BD9-788A-7A87-7E174B0F8B9D}.png', '0');
INSERT INTO `lanpartyclub_task` VALUES ('669', 'DeleteItemPhoto', '{699C7C8E-88B9-A9DD-53AF-4C925F1331F2}.png', '0');
INSERT INTO `lanpartyclub_task` VALUES ('670', 'DeleteItemPhoto', '{3D7BFBC0-DDED-C881-65CA-9F0231333052}.jpg', '0');
INSERT INTO `lanpartyclub_task` VALUES ('671', 'DeleteItemPhoto', '{2FA216FF-1634-1109-F8FF-C535D5F11393}.jpg', '0');
INSERT INTO `lanpartyclub_task` VALUES ('672', 'DeleteItemPhoto', '{B29EC391-93D6-FEFD-7403-DA58C9723983}.jpg', '0');
INSERT INTO `lanpartyclub_task` VALUES ('673', 'DeleteItemPhoto', '{66E8558C-7253-DB5C-80C2-C55FE2A1A75C}.jpg', '0');
INSERT INTO `lanpartyclub_task` VALUES ('674', 'DeleteItemPhoto', '{58FCE69A-20D4-E41E-36FA-6CA605AACC7F}.jpg', '0');
INSERT INTO `lanpartyclub_task` VALUES ('675', 'DeleteItemPhoto', '{48E316BF-93C6-69D0-3595-778E49B236C1}.jpg', '0');
INSERT INTO `lanpartyclub_task` VALUES ('676', 'DeleteItemPhoto', '{3E755C8D-6906-8576-2DC9-A212B1E96045}.jpg', '0');
INSERT INTO `lanpartyclub_task` VALUES ('677', 'DeleteItemPhoto', '{36B90892-0FEE-CC85-DFB7-F5F5D1D3B0EF}.jpg', '0');
INSERT INTO `lanpartyclub_task` VALUES ('678', 'DeleteItemPhoto', '{BE6F60E9-771D-694E-8553-22D70527472A}.jpg', '0');
INSERT INTO `lanpartyclub_task` VALUES ('679', 'DeleteItemPhoto', '{05373657-4630-2605-BB74-37FD34BD9026}.jpg', '0');
INSERT INTO `lanpartyclub_task` VALUES ('680', 'DeleteItemPhoto', '{B9219C86-896F-EAD6-561C-19E2BEE48731}.jpg', '0');
INSERT INTO `lanpartyclub_task` VALUES ('681', 'DeleteItemPhoto', '{F28B31CF-19A0-B3AA-9686-F39F7AF5EE66}.jpg', '0');
INSERT INTO `lanpartyclub_task` VALUES ('682', 'DeleteItemPhoto', '{28303AA9-2F5F-25C5-00E9-C079C25AC6C5}.jpg', '0');
INSERT INTO `lanpartyclub_task` VALUES ('683', 'DeleteItemPhoto', '{A97DAFB7-4F81-A80D-1B59-DE8FC0140C04}.jpg', '0');
INSERT INTO `lanpartyclub_task` VALUES ('684', 'DeleteItemPhoto', '{0A184EA7-00C1-CA5B-B485-9354EA4BFB07}.jpg', '0');
INSERT INTO `lanpartyclub_task` VALUES ('685', 'DeleteItemPhoto', '{980CA6BC-6270-1E3F-C6AC-84B6EA10ADBE}.jpg', '0');
INSERT INTO `lanpartyclub_task` VALUES ('686', 'DeleteItemPhoto', '{AEA82BB1-3303-FA70-D79C-BCAB18C23AFB}.jpg', '0');
INSERT INTO `lanpartyclub_task` VALUES ('687', 'DeleteItemPhoto', '{D1BA38EB-C87D-2BF3-1A08-1D863A3FB3AB}.jpg', '0');
INSERT INTO `lanpartyclub_task` VALUES ('688', 'DeleteItemPhoto', '{0C4FDDD7-6547-3962-4642-2027ADBAE3CE}.jpg', '0');
INSERT INTO `lanpartyclub_task` VALUES ('689', 'DeleteItemPhoto', '{18DF0B3C-5E52-99C1-AC29-A9D9FBCE9C13}.jpg', '0');
INSERT INTO `lanpartyclub_task` VALUES ('690', 'DeleteItemPhoto', '{4E7705DF-54BB-85CF-4B24-4EE8DC92D4AB}.jpg', '0');
INSERT INTO `lanpartyclub_task` VALUES ('691', 'DeleteItemPhoto', '{EBFAAB28-D329-3D73-278F-274424830D5B}.jpg', '0');
INSERT INTO `lanpartyclub_task` VALUES ('692', 'DeleteItemPhoto', '{F002BA6D-EDE9-CDA3-4E1F-CE295BCD0C4E}.jpg', '0');
INSERT INTO `lanpartyclub_task` VALUES ('693', 'DeleteItemPhoto', '{721A1C57-DF85-0CE1-07D6-7DD2979ED14C}.jpg', '0');
INSERT INTO `lanpartyclub_task` VALUES ('694', 'DeleteItemPhoto', '{36AD0512-366D-F4C6-54CA-B7BF8EE346EC}.jpg', '0');
INSERT INTO `lanpartyclub_task` VALUES ('695', 'DeleteItemPhoto', '{FDD5C9D2-1681-754D-BB24-EA776677F6A4}.jpg', '0');
INSERT INTO `lanpartyclub_task` VALUES ('696', 'DeleteItemPhoto', '{1D97EC5D-B39D-5A53-747F-5FB04F3B5579}.jpg', '0');
INSERT INTO `lanpartyclub_task` VALUES ('697', 'DeleteItemPhoto', '{B48E02A9-953A-66E9-5EB2-77D46A60BED3}.jpg', '0');
INSERT INTO `lanpartyclub_task` VALUES ('698', 'DeleteItemPhoto', '{39394D5D-7507-67A3-E456-4D0CDD60896D}.jpg', '0');
INSERT INTO `lanpartyclub_task` VALUES ('699', 'DeleteItemPhoto', '{D881BA08-1054-1DA9-478F-E5C6AC8AE272}.jpg', '0');
INSERT INTO `lanpartyclub_task` VALUES ('700', 'DeleteItemPhoto', '{93695BE1-C438-E16E-4E78-9746844079FD}.png', '0');
INSERT INTO `lanpartyclub_task` VALUES ('701', 'DeleteItemPhoto', '{93704D4C-7F67-FD0C-0080-EA8BAE54CE02}.png', '0');
INSERT INTO `lanpartyclub_task` VALUES ('702', 'DeleteItemPhoto', '{3136F6B7-2379-7F0E-B94D-88337E34C032}.png', '0');
INSERT INTO `lanpartyclub_task` VALUES ('703', 'DeleteItemPhoto', '{2123067B-C40C-E03F-4716-AAFA3FA1B925}.png', '0');
INSERT INTO `lanpartyclub_task` VALUES ('704', 'DeleteItemPhoto', '{0B907F9F-80CD-C6FE-CD13-E13FA2341665}.png', '0');
INSERT INTO `lanpartyclub_task` VALUES ('705', 'DeleteItemPhoto', '{44D4800E-FEF0-590F-FE51-482DF651BBF9}.png', '0');
INSERT INTO `lanpartyclub_task` VALUES ('706', 'DeleteItemPhoto', '{2E3817E2-AC1F-714B-6823-00793D9C9880}.png', '0');
INSERT INTO `lanpartyclub_task` VALUES ('707', 'DeleteItemPhoto', '{80E5AE7B-9DAA-E05C-4416-CA4C2EB4AC42}.png', '0');
INSERT INTO `lanpartyclub_task` VALUES ('708', 'DeleteItemPhoto', '{04B468C8-D086-E773-A1E1-2E9CD1D28A7B}.jpg', '0');
INSERT INTO `lanpartyclub_task` VALUES ('709', 'DeleteItemPhoto', '{4E3F7F88-E73D-9A8E-D348-CFBD08471148}.jpg', '0');
INSERT INTO `lanpartyclub_task` VALUES ('710', 'DeleteItemPhoto', '{24F078E9-F8FF-81AB-83CF-34F90970AD7B}.jpg', '0');
INSERT INTO `lanpartyclub_task` VALUES ('711', 'DeleteItemPhoto', '{B989F590-FE94-3775-BEDC-B47090CB8C85}.jpg', '0');
INSERT INTO `lanpartyclub_task` VALUES ('712', 'DeleteItemPhoto', '{6774BEA0-8058-6490-22F2-77DF897B46AD}.jpg', '0');
INSERT INTO `lanpartyclub_task` VALUES ('713', 'DeleteItemPhoto', '{ED7454B7-A16F-7347-34B0-775ADD0DD13C}.jpg', '0');
INSERT INTO `lanpartyclub_task` VALUES ('714', 'DeleteItemPhoto', '{43E5E5EF-551A-B622-65DD-823A2951E5EE}.jpg', '0');
INSERT INTO `lanpartyclub_task` VALUES ('715', 'DeleteItemPhoto', '{55F91D7E-E884-DAF3-EDFF-79B5FEFDC059}.jpg', '0');
INSERT INTO `lanpartyclub_task` VALUES ('716', 'DeleteItemPhoto', '{74D457F8-9D2D-8150-754D-10E25A9EEE64}.jpg', '0');
INSERT INTO `lanpartyclub_task` VALUES ('717', 'DeleteItemPhoto', '{B3E3A640-86FD-C895-4929-B68DE2FB908D}.jpg', '0');
INSERT INTO `lanpartyclub_task` VALUES ('718', 'DeleteItemPhoto', '{6233FD22-9A57-2D8B-D1C9-354370C188AB}.jpg', '0');
INSERT INTO `lanpartyclub_task` VALUES ('719', 'DeleteItemPhoto', '{F922DAFC-7F25-FB1A-F71E-8652402822F6}.jpg', '0');
INSERT INTO `lanpartyclub_task` VALUES ('720', 'DeleteItemPhoto', '{8682F82F-6BEE-415D-B43B-E1D91D6BCF09}.jpg', '0');
INSERT INTO `lanpartyclub_task` VALUES ('721', 'DeleteItemPhoto', '{51E2AFB9-46A7-512E-7EC7-2C539F97D152}.jpg', '0');
INSERT INTO `lanpartyclub_task` VALUES ('722', 'DeleteItemPhoto', '{B2B36494-0A64-328E-F796-2B75E199EBFF}.jpg', '0');
INSERT INTO `lanpartyclub_task` VALUES ('723', 'DeleteItemPhoto', '{00D69441-4B0D-FD3B-AA6B-1AC6591F5DA4}.jpg', '0');
INSERT INTO `lanpartyclub_task` VALUES ('724', 'DeleteItemPhoto', '{1D11B859-35AD-8FBE-EBCD-79522442FF59}.jpg', '0');
INSERT INTO `lanpartyclub_task` VALUES ('725', 'DeleteItemPhoto', '{6F5BB77A-9C55-C28E-6C48-C00CC4BB009E}.jpg', '0');
INSERT INTO `lanpartyclub_task` VALUES ('726', 'DeleteItemPhoto', '{8C700048-1333-46FB-F788-0F1A3F926047}.jpg', '0');
INSERT INTO `lanpartyclub_task` VALUES ('727', 'DeleteItemPhoto', '{0FAADBFA-4A92-A98F-8663-DE079158F76B}.jpg', '0');
INSERT INTO `lanpartyclub_task` VALUES ('728', 'DeleteItemPhoto', '{48CF98D8-B832-BDB4-BEF9-62C51E01DB54}.jpg', '0');
INSERT INTO `lanpartyclub_task` VALUES ('729', 'DeleteItemPhoto', '{DF3F984A-B418-0C04-B5C5-289BD598B54C}.jpg', '0');
INSERT INTO `lanpartyclub_task` VALUES ('730', 'DeleteItemPhoto', '{0A16B776-FCCA-A468-C1AB-786CFB242895}.jpg', '0');
INSERT INTO `lanpartyclub_task` VALUES ('731', 'DeleteItemPhoto', '{0173AC55-D979-98A7-4A1C-EC8A0E293579}.jpg', '0');
INSERT INTO `lanpartyclub_task` VALUES ('732', 'DeleteItemPhoto', '{C0144B1E-80C4-5C45-E2DE-2688EC6901A1}.jpg', '0');
INSERT INTO `lanpartyclub_task` VALUES ('733', 'DeleteItemPhoto', '{B05372FA-FEA5-089B-307F-7854B1E659FF}.jpg', '0');
INSERT INTO `lanpartyclub_task` VALUES ('734', 'DeleteItemPhoto', '{A42B557F-F6FF-9717-B36D-059B117A40BB}.jpg', '0');
INSERT INTO `lanpartyclub_task` VALUES ('735', 'DeleteItemPhoto', '{5853E47A-3334-D764-20D5-9278B06D936D}.jpg', '0');
INSERT INTO `lanpartyclub_task` VALUES ('736', 'DeleteItemPhoto', '{336CCD93-E706-6584-D3CC-C6195187C5B1}.jpg', '0');
INSERT INTO `lanpartyclub_task` VALUES ('737', 'DeleteItemPhoto', '{86479838-63A2-A5A8-FF60-6104924065A7}.jpg', '0');
INSERT INTO `lanpartyclub_task` VALUES ('738', 'DeleteItemPhoto', '{BA3DCAD9-4992-9DDC-CDEE-7EED6979A5AD}.jpg', '0');
INSERT INTO `lanpartyclub_task` VALUES ('739', 'DeleteItemPhoto', '{7AA22BA8-1238-D5DF-54C3-DE8DC711CC2E}.jpg', '0');
INSERT INTO `lanpartyclub_task` VALUES ('740', 'DeleteItemPhoto', '{5E413AF1-002D-B96D-9C21-6B1F8698240D}.jpg', '0');
INSERT INTO `lanpartyclub_task` VALUES ('741', 'DeleteItemPhoto', '{8DD1075D-2FA2-C88B-0C4B-9B9FB82C7ACE}.jpg', '0');
INSERT INTO `lanpartyclub_task` VALUES ('742', 'DeleteItemPhoto', '{C064719E-A221-FF02-6B66-D5B241B8A1F5}.jpg', '0');
INSERT INTO `lanpartyclub_task` VALUES ('743', 'DeleteItemPhoto', '{36EFDF79-5ABA-8F34-C399-08D962678BD0}.jpg', '0');
INSERT INTO `lanpartyclub_task` VALUES ('744', 'DeleteItemPhoto', '{B8B31E9A-2AE4-3260-8A0C-97EE693D6DD5}.jpg', '0');
INSERT INTO `lanpartyclub_task` VALUES ('745', 'DeleteItemPhoto', '{815E63C6-AFDF-42E2-703D-814EC7E1BE79}.jpg', '0');
INSERT INTO `lanpartyclub_task` VALUES ('746', 'DeleteItemPhoto', '{4D1735B5-0D18-362D-53D3-A0B7AD476788}.jpg', '0');
INSERT INTO `lanpartyclub_task` VALUES ('747', 'DeleteItemPhoto', '{41EAD473-A14E-C902-0E14-C2872F8C8A5A}.jpg', '0');
INSERT INTO `lanpartyclub_task` VALUES ('748', 'DeleteItemPhoto', '{7BFF0A68-8571-7959-522D-1A866164E192}.jpg', '0');
INSERT INTO `lanpartyclub_task` VALUES ('749', 'DeleteItemPhoto', '{AA6F0DA5-8958-AD99-3D10-AE15B1E95751}.jpg', '0');
INSERT INTO `lanpartyclub_task` VALUES ('750', 'DeleteItemPhoto', '{5C68C93D-05A3-4C52-574E-8E71F57892C4}.jpg', '0');
INSERT INTO `lanpartyclub_task` VALUES ('751', 'DeleteItemPhoto', '{E63D22AC-A745-B4EE-143E-434CE84A90B0}.jpg', '0');
INSERT INTO `lanpartyclub_task` VALUES ('752', 'DeleteItemPhoto', '{DE6EDB04-8C6C-D042-82CA-025999B5E34E}.jpg', '0');
INSERT INTO `lanpartyclub_task` VALUES ('753', 'DeleteItemPhoto', '{B9F7316E-8B99-9A7D-5115-7BD7FA5BEDF7}.jpg', '0');
INSERT INTO `lanpartyclub_task` VALUES ('754', 'DeleteItemPhoto', '{E3D34DA5-A3E4-D67E-6817-9E299C540BCB}.jpg', '0');
INSERT INTO `lanpartyclub_task` VALUES ('755', 'DeleteItemPhoto', '{CF92DFD2-BACF-AE79-14F9-1DE13DEE4D10}.jpg', '0');
INSERT INTO `lanpartyclub_task` VALUES ('756', 'DeleteItemPhoto', '{F0804162-4D50-4758-2FF5-4099139C9CEE}.jpg', '0');
INSERT INTO `lanpartyclub_task` VALUES ('757', 'DeleteItemPhoto', '{526C9BAE-3B2F-36BF-47DC-A52E0BF1FBD3}.jpg', '0');
INSERT INTO `lanpartyclub_task` VALUES ('758', 'DeleteItemPhoto', '{843BFE17-AD0E-275B-D93E-C68DD2A1C528}.jpg', '0');
INSERT INTO `lanpartyclub_task` VALUES ('759', 'DeleteItemPhoto', '{8A2A2DD4-33BD-948B-9430-F67EA1AE8651}.jpg', '0');
INSERT INTO `lanpartyclub_task` VALUES ('760', 'DeleteItemPhoto', '{4FFA5501-137C-E6BB-AB4F-60C76117C7C9}.jpg', '0');
INSERT INTO `lanpartyclub_task` VALUES ('761', 'DeleteItemPhoto', '{C65A0AE4-3FC0-FB69-0EC7-53BFEEE6F659}.jpg', '0');
INSERT INTO `lanpartyclub_task` VALUES ('762', 'DeleteItemPhoto', '{E15E8744-41B8-A6D4-FEAA-53434B891C4C}.jpg', '0');
INSERT INTO `lanpartyclub_task` VALUES ('763', 'DeleteItemPhoto', '{C8230244-9FC0-97CF-16B9-D3A50BE5B0B1}.jpg', '0');
INSERT INTO `lanpartyclub_task` VALUES ('764', 'DeleteItemPhoto', '{D1A5D35B-A586-745A-8FAB-7BABC518BE6F}.jpg', '0');
INSERT INTO `lanpartyclub_task` VALUES ('765', 'DeleteItemPhoto', '{2A50593A-E3E2-48FF-1916-6F1E45FADE2A}.jpg', '0');
INSERT INTO `lanpartyclub_task` VALUES ('766', 'DeleteItemPhoto', '{B209BFAF-B66E-2347-51EC-1C2325586401}.jpg', '0');
INSERT INTO `lanpartyclub_task` VALUES ('767', 'DeleteItemPhoto', '{53BDC2FA-5C32-C36D-2483-9D18C92F1FC9}.jpg', '0');
INSERT INTO `lanpartyclub_task` VALUES ('768', 'DeleteItemPhoto', '{E89B1BD4-BB24-223C-BDE3-A87FC732C410}.jpg', '0');
INSERT INTO `lanpartyclub_task` VALUES ('769', 'DeleteItemPhoto', '{132B3872-9C08-9E44-89BD-CB0F11BD0883}.jpg', '0');
INSERT INTO `lanpartyclub_task` VALUES ('770', 'DeleteItemPhoto', '{6AF2F6B1-1548-0C7F-C427-F7C0DF0FF07A}.jpg', '0');
INSERT INTO `lanpartyclub_task` VALUES ('771', 'DeleteItemPhoto', '{8D73ED3E-FFF5-1B44-714B-A3E4460EB1F4}.jpg', '0');
INSERT INTO `lanpartyclub_task` VALUES ('772', 'DeleteItemPhoto', '{1F361BD0-BE76-070E-F34E-503CEFB523FB}.jpg', '0');
INSERT INTO `lanpartyclub_task` VALUES ('773', 'DeleteItemPhoto', '{36CC1727-4061-E96C-B9B9-547DB7C772E6}.jpg', '0');
INSERT INTO `lanpartyclub_task` VALUES ('774', 'DeleteItemPhoto', '{693D2382-BB56-E631-972C-C79D8FF3BB89}.jpg', '0');
INSERT INTO `lanpartyclub_task` VALUES ('775', 'DeleteItemPhoto', '{DE8CF25B-A2DF-1B96-A9AC-054063004286}.jpg', '0');
INSERT INTO `lanpartyclub_task` VALUES ('776', 'DeleteItemPhoto', '{85B129FE-666A-A3F2-8EAF-4FE4BB62943F}.jpg', '0');
INSERT INTO `lanpartyclub_task` VALUES ('777', 'DeleteItemPhoto', '{D3807CB3-D4B5-D89E-2B4A-583DE69E8592}.jpg', '0');
INSERT INTO `lanpartyclub_task` VALUES ('778', 'DeleteItemPhoto', '{D70F54AD-BD24-2161-534A-91DE30020AA0}.jpg', '0');
INSERT INTO `lanpartyclub_task` VALUES ('779', 'DeleteItemPhoto', '{D71E5F4A-F895-A31A-D09F-C0074DCD0FAB}.jpg', '0');
INSERT INTO `lanpartyclub_task` VALUES ('780', 'DeleteItemPhoto', '{EC9D8FCD-262A-7D2D-B8B4-16CB4E28B0BF}.jpg', '0');
INSERT INTO `lanpartyclub_task` VALUES ('781', 'DeleteItemPhoto', '{B3A4D464-1F4F-AB57-7E45-3316B0ACBFD4}.jpg', '0');
INSERT INTO `lanpartyclub_task` VALUES ('782', 'DeleteItemPhoto', '{570B903F-2221-7F60-6307-98C179C595B9}.jpg', '0');
INSERT INTO `lanpartyclub_task` VALUES ('783', 'DeleteItemPhoto', '{C16761DB-5AA7-FDCA-48F7-A7013911062C}.jpg', '0');
INSERT INTO `lanpartyclub_task` VALUES ('784', 'DeleteItemPhoto', '{2AE1D2A9-A7B0-8791-3724-B2FA7620E545}.jpg', '0');
INSERT INTO `lanpartyclub_task` VALUES ('785', 'DeleteItemPhoto', '{356F685F-6B3C-A934-AD01-F3547987373E}.jpg', '0');
INSERT INTO `lanpartyclub_task` VALUES ('786', 'DeleteItemPhoto', '{77293608-8AFB-36E0-99B4-F736D5EDAE24}.jpg', '0');
INSERT INTO `lanpartyclub_task` VALUES ('787', 'DeleteItemPhoto', '{051C343B-A1F5-34CE-441F-E89A0254C51D}.jpg', '0');
INSERT INTO `lanpartyclub_task` VALUES ('788', 'DeleteItemPhoto', '{31C2E522-50AB-B459-3DAA-81315BF45985}.jpg', '0');
INSERT INTO `lanpartyclub_task` VALUES ('789', 'DeleteItemPhoto', '{2C2C27E6-CFA9-2C58-0650-4A9723282EB2}.jpg', '0');
INSERT INTO `lanpartyclub_task` VALUES ('790', 'DeleteItemPhoto', '{C327BEDF-8459-AD84-59EF-CD39780FFA93}.jpg', '0');
INSERT INTO `lanpartyclub_task` VALUES ('791', 'DeleteItemPhoto', '{0C9C4CCF-A84A-CBE3-3B3D-6B75C932F1CB}.jpg', '0');
INSERT INTO `lanpartyclub_task` VALUES ('792', 'DeleteItemPhoto', '{1D3BB84B-2F9C-C0C9-839D-0744B8ECBE48}.jpg', '0');
INSERT INTO `lanpartyclub_task` VALUES ('793', 'DeleteItemPhoto', '{4FCA918D-BE9F-DF36-D10D-F613189B8124}.jpg', '0');
INSERT INTO `lanpartyclub_task` VALUES ('794', 'DeleteItemPhoto', '{E5498EF6-B148-28A7-D316-D178C4412B10}.jpg', '0');
INSERT INTO `lanpartyclub_task` VALUES ('795', 'DeleteItemPhoto', '{3336698B-C804-11A0-E1E2-17C86F184A12}.jpg', '0');
INSERT INTO `lanpartyclub_task` VALUES ('796', 'DeleteItemPhoto', '{8F40C535-F458-8822-2659-51931E368F47}.jpg', '0');
INSERT INTO `lanpartyclub_task` VALUES ('797', 'DeleteItemPhoto', '{67C687E5-3D9E-C961-7164-CB730EBE242A}.jpg', '0');
INSERT INTO `lanpartyclub_task` VALUES ('798', 'DeleteItemPhoto', '{DA0B6491-EA86-E562-FB21-8C9E754D7C12}.jpg', '0');
INSERT INTO `lanpartyclub_task` VALUES ('799', 'DeleteItemPhoto', '{673C59CC-D16D-7648-116D-BBE01C591FB8}.jpg', '0');
INSERT INTO `lanpartyclub_task` VALUES ('800', 'DeleteItemPhoto', '{2E74B6CB-B641-3B15-C505-E49CB7D77E51}.jpg', '0');
INSERT INTO `lanpartyclub_task` VALUES ('801', 'DeleteItemPhoto', '{259C1513-5CD2-5AFC-6C35-B8A56085E269}.jpg', '0');
INSERT INTO `lanpartyclub_task` VALUES ('802', 'DeleteItemPhoto', '{8E366E87-A4EE-C9D9-A619-4B2B37668BE8}.jpg', '0');
INSERT INTO `lanpartyclub_task` VALUES ('803', 'DeleteItemPhoto', '{A3E23081-630C-FD19-766C-63848E334FEA}.jpg', '0');
INSERT INTO `lanpartyclub_task` VALUES ('804', 'DeleteItemPhoto', '{6E7DF76A-BB13-08A5-0306-712A028CF678}.jpg', '0');
INSERT INTO `lanpartyclub_task` VALUES ('805', 'DeleteItemPhoto', '{EDD61A43-98A5-7363-118E-76720B3DCBBE}.jpg', '0');
INSERT INTO `lanpartyclub_task` VALUES ('806', 'DeleteItemPhoto', '{C94F4587-04BA-3CE9-929B-AD3500CD9E10}.jpg', '0');
INSERT INTO `lanpartyclub_task` VALUES ('807', 'DeleteItemPhoto', '{AAC039F3-8D17-9DF0-B3F5-C003500B951F}.jpg', '0');
INSERT INTO `lanpartyclub_task` VALUES ('808', 'DeleteItemPhoto', '{028A584A-099D-0973-B5A1-AE152BD9DAF5}.jpg', '0');
INSERT INTO `lanpartyclub_task` VALUES ('809', 'DeleteItemPhoto', '{117A0058-A54B-559D-9BDB-8B03205999F9}.jpg', '0');
INSERT INTO `lanpartyclub_task` VALUES ('810', 'DeleteItemPhoto', '{0C2A51AB-74B4-14FF-AE4C-A11C06C44B06}.jpg', '0');
INSERT INTO `lanpartyclub_task` VALUES ('811', 'DeleteItemPhoto', '{F7AA6DE8-593B-3C02-3D8F-50624C4AA65B}.jpg', '0');
INSERT INTO `lanpartyclub_task` VALUES ('812', 'DeleteItemPhoto', '{75D689D3-6879-6CC8-89F7-F46BE6D772C7}.jpg', '0');
INSERT INTO `lanpartyclub_task` VALUES ('813', 'DeleteItemPhoto', '{16DB4E0C-624D-8D68-33B5-5931C143E269}.jpg', '0');
INSERT INTO `lanpartyclub_task` VALUES ('814', 'DeleteItemPhoto', '{6AAB1EBA-03C9-13B0-C940-67163E626048}.jpg', '0');
INSERT INTO `lanpartyclub_task` VALUES ('815', 'DeleteItemPhoto', '{4102F2C4-7233-FC77-E7B7-9D6E5FC4785C}.jpg', '0');
INSERT INTO `lanpartyclub_task` VALUES ('816', 'DeleteItemPhoto', '{1293A204-76EA-7353-F09D-38B6D4694FBB}.jpg', '0');
INSERT INTO `lanpartyclub_task` VALUES ('817', 'DeleteItemPhoto', '{108C49EB-B86C-FA5C-3779-B71D3AB8F502}.jpg', '0');
INSERT INTO `lanpartyclub_task` VALUES ('818', 'DeleteItemPhoto', '{4F1DB259-60EA-C939-90F4-E46A7ADA63A3}.jpg', '0');
INSERT INTO `lanpartyclub_task` VALUES ('819', 'DeleteItemPhoto', '{C9172339-0384-8068-4585-4CB565581D27}.jpg', '0');
INSERT INTO `lanpartyclub_task` VALUES ('820', 'DeleteItemPhoto', '{1BDBE0BA-3E1A-5E59-E39B-74E97C5E065A}.jpg', '0');
INSERT INTO `lanpartyclub_task` VALUES ('821', 'DeleteItemPhoto', '{BA58C26A-B4AA-00D6-0AA3-2ABB932855DA}.jpg', '0');
INSERT INTO `lanpartyclub_task` VALUES ('822', 'DeleteItemPhoto', '{511AB783-F796-5665-6905-969C3EDEF53A}.jpg', '0');
INSERT INTO `lanpartyclub_task` VALUES ('823', 'DeleteItemPhoto', '{428D7EE5-295A-CA6A-90F8-B8AD1EC6BC9D}.jpg', '0');
INSERT INTO `lanpartyclub_task` VALUES ('824', 'DeleteItemPhoto', '{4F5B841F-DC47-10F5-44EE-131AAE8E3014}.jpg', '0');
INSERT INTO `lanpartyclub_task` VALUES ('825', 'DeleteItemPhoto', '{AFE020DE-ABF6-2AD7-E726-35D519496FEF}.jpg', '0');
INSERT INTO `lanpartyclub_task` VALUES ('826', 'DeleteItemPhoto', '{981DB502-4C41-F0DE-BC59-32BB3A0A2AFC}.jpg', '0');
INSERT INTO `lanpartyclub_task` VALUES ('827', 'DeleteItemPhoto', '{5279D57A-CDB7-4246-782E-85047C245EA2}.jpg', '0');
INSERT INTO `lanpartyclub_task` VALUES ('828', 'DeleteItemPhoto', '{D443829D-44BE-5AE8-E9F2-BB0667A8FAF3}.jpg', '0');
INSERT INTO `lanpartyclub_task` VALUES ('829', 'DeleteItemPhoto', '{75CD2B8D-0037-AA84-863F-67B2074ECB64}.jpg', '0');
INSERT INTO `lanpartyclub_task` VALUES ('830', 'DeleteItemPhoto', '{55DBB477-7D41-45E9-223D-AF7EB1FF0D3A}.jpg', '0');
INSERT INTO `lanpartyclub_task` VALUES ('831', 'DeleteItemPhoto', '{EC75308A-6200-9C43-8E4B-27F80A0D9643}.jpg', '0');
INSERT INTO `lanpartyclub_task` VALUES ('832', 'DeleteItemPhoto', '{01B4D528-0371-C48D-3519-5660FE5CAD1B}.jpg', '0');
INSERT INTO `lanpartyclub_task` VALUES ('833', 'DeleteItemPhoto', '{CF204CC1-400E-7374-8BD4-11902AD4027F}.jpg', '0');
INSERT INTO `lanpartyclub_task` VALUES ('834', 'DeleteItemPhoto', '{6A126786-4A50-FE26-38C0-9F42D0A034AA}.jpg', '0');
INSERT INTO `lanpartyclub_task` VALUES ('835', 'DeleteItemPhoto', '{B70DBE09-8062-C607-F3EF-B6CB1811D285}.jpg', '0');
INSERT INTO `lanpartyclub_task` VALUES ('836', 'DeleteItemPhoto', '{B7BDE528-A2AB-A34A-1EF5-A181EF4271EB}.jpg', '0');
INSERT INTO `lanpartyclub_task` VALUES ('837', 'DeleteItemPhoto', '{41B85EFC-DB7A-5BF5-798F-7FD1691E2685}.jpg', '0');
INSERT INTO `lanpartyclub_task` VALUES ('838', 'DeleteItemPhoto', '{7EDC9EE2-76FA-6655-2E37-C5960A0CE5B2}.jpg', '0');
INSERT INTO `lanpartyclub_task` VALUES ('839', 'DeleteItemPhoto', '{B1BA36F4-8FC9-B13E-325B-97FE58F5C3BA}.jpg', '0');
INSERT INTO `lanpartyclub_task` VALUES ('840', 'DeleteItemPhoto', '{A7560FC9-FAE4-21CD-53DE-E4B102ACA952}.jpg', '0');
INSERT INTO `lanpartyclub_task` VALUES ('841', 'DeleteItemPhoto', '{2FD9E09D-53DE-1E11-055C-D08495617209}.jpg', '0');
INSERT INTO `lanpartyclub_task` VALUES ('842', 'DeleteItemPhoto', '{2D269179-03AE-72FA-B564-2DDF80CEC169}.jpg', '0');
INSERT INTO `lanpartyclub_task` VALUES ('843', 'DeleteItemPhoto', '{FB41B4DB-1F88-7AC4-0584-72E82A216927}.jpg', '0');
INSERT INTO `lanpartyclub_task` VALUES ('844', 'DeleteItemPhoto', '{0589A1D5-9645-2A9D-94AD-50AEA90EC9FE}.jpg', '0');
INSERT INTO `lanpartyclub_task` VALUES ('845', 'DeleteItemPhoto', '{A55F98F9-29A4-18D2-35BD-653983676D06}.jpg', '0');
INSERT INTO `lanpartyclub_task` VALUES ('846', 'DeletePhoto', '{8B78B7BB-FE54-C92E-3702-362A53F9E1EB}.jpg', '0');
INSERT INTO `lanpartyclub_task` VALUES ('847', 'DeletePhoto', '{9B85DD3D-7E32-E5A1-F80F-D98C807AAABE}.jpg', '0');
INSERT INTO `lanpartyclub_task` VALUES ('848', 'DeletePhoto', '{0A007A23-3422-E804-3567-37AD57AE1403}.jpg', '0');
INSERT INTO `lanpartyclub_task` VALUES ('849', 'DeletePhoto', '{99A365A1-040D-36D7-799D-DB20CE14E292}.jpg', '0');
INSERT INTO `lanpartyclub_task` VALUES ('850', 'DeletePhoto', '{2B119005-A457-5ECC-8D86-757ACD68B511}.jpg', '0');
INSERT INTO `lanpartyclub_task` VALUES ('851', 'DeletePhoto', '{0470F305-4DF4-CC5D-A87A-2ECBF075E8C5}.jpg', '0');
INSERT INTO `lanpartyclub_task` VALUES ('852', 'DeletePhoto', '{4950C3A7-05B1-8CE7-42FD-9151EF56F06B}.jpg', '0');
INSERT INTO `lanpartyclub_task` VALUES ('853', 'DeletePhoto', '{8F5CA027-EA7B-115B-AEF2-190EB1F17EAA}.jpg', '0');
INSERT INTO `lanpartyclub_task` VALUES ('854', 'DeletePhoto', '{8E5DC92A-FEC3-12E3-9A41-FBF625C86712}.jpg', '0');
INSERT INTO `lanpartyclub_task` VALUES ('855', 'DeletePhoto', '{001119F8-0D50-16BD-6CF1-27D1FFEB7737}.jpg', '0');
INSERT INTO `lanpartyclub_task` VALUES ('856', 'DeletePhoto', '{D2783B17-D310-8E1A-3B9B-A31C27C1105A}.jpg', '0');
INSERT INTO `lanpartyclub_task` VALUES ('857', 'DeletePhoto', '{D313EA1B-EAE2-B277-51B9-5C1AC21B886B}.jpg', '0');
INSERT INTO `lanpartyclub_task` VALUES ('858', 'DeletePhoto', '{7280A0EF-E099-2F57-850B-8B4E01FBFFD9}.jpg', '0');
INSERT INTO `lanpartyclub_task` VALUES ('859', 'DeletePhoto', '{FAB1357D-F910-90B1-D427-A32889D668C6}.jpg', '0');
INSERT INTO `lanpartyclub_task` VALUES ('860', 'DeletePhoto', '{5CE80291-C704-035D-3C6C-F45EA041E714}.jpg', '0');
INSERT INTO `lanpartyclub_task` VALUES ('861', 'DeletePhoto', '{97B88D5C-0467-C650-5254-7A7E6FCE2791}.jpg', '0');
INSERT INTO `lanpartyclub_task` VALUES ('862', 'DeletePhoto', '{421CA519-8E3B-F077-F6DF-97752F635B10}.jpg', '0');
INSERT INTO `lanpartyclub_task` VALUES ('863', 'DeletePhoto', '{038E9C24-5AD1-7BF5-425B-737EAD333BC4}.jpg', '0');
INSERT INTO `lanpartyclub_task` VALUES ('864', 'DeletePhoto', '{0020AC45-6889-6B43-0D64-4839DA96D3AA}.jpg', '0');
INSERT INTO `lanpartyclub_task` VALUES ('865', 'DeletePhoto', '{2AC31247-515B-E75A-A66C-567D59B7E88B}.jpg', '0');
INSERT INTO `lanpartyclub_task` VALUES ('866', 'DeletePhoto', '{FB3837DF-749B-F46C-10D4-DEA132FC5898}.jpg', '0');
INSERT INTO `lanpartyclub_task` VALUES ('867', 'DeletePhoto', '{84B010B3-B010-02BA-E820-B8A243800572}.jpg', '0');
INSERT INTO `lanpartyclub_task` VALUES ('868', 'DeletePhoto', '{C7E5CBB7-584E-B114-D21D-7B665FA6F6A7}.jpg', '0');
INSERT INTO `lanpartyclub_task` VALUES ('869', 'DeletePhoto', '{4D918983-6E5C-481F-6192-8C6E6BBDE447}.jpg', '0');
INSERT INTO `lanpartyclub_task` VALUES ('870', 'DeletePhoto', '{5EC03B8E-A7DC-3675-0E5B-2A5DAD687C70}.jpg', '0');
INSERT INTO `lanpartyclub_task` VALUES ('871', 'DeletePhoto', '{7FD5772C-41CE-1F49-7D41-5741D49B2B60}.jpg', '0');
INSERT INTO `lanpartyclub_task` VALUES ('872', 'DeletePhoto', '{1665E856-BA1D-3F12-A605-696F01D67598}.jpg', '0');
INSERT INTO `lanpartyclub_task` VALUES ('873', 'DeletePhoto', '{F0B2E12C-EEA7-7A3A-6BAC-0D59E345C548}.jpg', '0');
INSERT INTO `lanpartyclub_task` VALUES ('874', 'DeletePhoto', '{9B5BDE4C-DF58-B726-D12E-00CBB8B4A38A}.jpg', '0');
INSERT INTO `lanpartyclub_task` VALUES ('875', 'DeletePhoto', '{DBB9FFE4-CE30-031F-37BB-FD6A1ADFEABF}.jpg', '0');
INSERT INTO `lanpartyclub_task` VALUES ('876', 'DeletePhoto', '{18CD6021-D0D0-1EB5-1249-912A8BBC7AD4}.jpg', '0');
INSERT INTO `lanpartyclub_task` VALUES ('877', 'DeletePhoto', '{A27E6E38-48F6-7FE0-05AF-7AD8C5088E41}.jpg', '0');
INSERT INTO `lanpartyclub_task` VALUES ('878', 'DeletePhoto', '{C1AAB2B0-1AAD-8584-E6E6-CC3D27B3BDFD}.jpg', '0');
INSERT INTO `lanpartyclub_task` VALUES ('879', 'DeletePhoto', '{A1E48846-6AC6-E08C-DE81-08F9FDCEBCED}.jpg', '0');
INSERT INTO `lanpartyclub_task` VALUES ('880', 'DeletePhoto', '{C8D1D70A-AD51-80FF-B78A-650F686003D2}.jpg', '0');
INSERT INTO `lanpartyclub_task` VALUES ('881', 'DeletePhoto', '{5D87AD20-3FDB-DD59-F83F-7000ABA81CE4}.jpg', '0');
INSERT INTO `lanpartyclub_task` VALUES ('882', 'DeletePhoto', '{7199B9D1-8B6F-51CB-4597-4E9A1C63B46C}.jpg', '0');
INSERT INTO `lanpartyclub_task` VALUES ('883', 'DeletePhoto', '{C4E6FE06-EC4C-DDA6-D91B-45BA100B4BF3}.jpg', '0');
INSERT INTO `lanpartyclub_task` VALUES ('885', 'DeleteItemPhoto', '{9223156A-D4D2-6F51-5D7A-75B7B3F91656}.jpg', '0');
INSERT INTO `lanpartyclub_task` VALUES ('886', 'DeleteItemPhoto', '{C9A4ED98-46EB-F20B-D97D-5D7620A2A183}.jpg', '0');
INSERT INTO `lanpartyclub_task` VALUES ('887', 'DeleteItemPhoto', '{B8EC9DD6-78B2-CA01-1BF4-27F8E6158903}.jpg', '0');
INSERT INTO `lanpartyclub_task` VALUES ('888', 'DeletePhoto', '{3F6959D5-0CE0-E853-3044-84DB3BB4B57D}.jpg', '0');
INSERT INTO `lanpartyclub_task` VALUES ('889', 'DeleteItemPhoto', '{2D6E2ABC-D94C-62A9-8B65-4389BAB6412C}.jpg', '0');
INSERT INTO `lanpartyclub_task` VALUES ('890', 'DeleteItemPhoto', '{3B41D715-9C7F-8206-D074-8E02C7C425FD}.jpg', '0');
INSERT INTO `lanpartyclub_task` VALUES ('891', 'DeleteItemPhoto', '{7259E2B7-64A2-6832-4C11-4EE16E77A90D}.jpg', '0');
INSERT INTO `lanpartyclub_task` VALUES ('892', 'DeleteItemPhoto', '{5449AC29-5ECC-AA74-FC0C-D55288F1B027}.jpg', '0');
INSERT INTO `lanpartyclub_task` VALUES ('893', 'DeleteItemPhoto', '{7B345186-908B-63DC-2DB1-CEA9A64A8B79}.jpg', '0');
INSERT INTO `lanpartyclub_task` VALUES ('894', 'DeleteItemPhoto', '{C562DFDE-AF48-CB15-7E85-2117E1A5FBB3}.jpg', '0');
INSERT INTO `lanpartyclub_task` VALUES ('895', 'DeleteItemPhoto', '{1E720062-E349-343A-7B69-B56E469C78B4}.jpg', '0');
INSERT INTO `lanpartyclub_task` VALUES ('896', 'DeleteItemPhoto', '{25B4E0E0-F2A7-8D2D-ACC1-F771F4656255}.jpg', '0');
INSERT INTO `lanpartyclub_task` VALUES ('897', 'DeleteItemPhoto', '{792E3167-EEC8-732E-F91C-A4CF7BEBB1AE}.jpg', '0');
INSERT INTO `lanpartyclub_task` VALUES ('898', 'DeleteItemPhoto', '{45D1F7DE-D073-DE09-DD9D-104AB2B89750}.jpg', '0');
INSERT INTO `lanpartyclub_task` VALUES ('899', 'DeleteItemPhoto', '{6DF3D342-9455-3792-D460-8A04A7EAC9C9}.jpg', '0');
INSERT INTO `lanpartyclub_task` VALUES ('900', 'DeleteItemPhoto', '{BFEB68A6-51FC-78E8-C79F-62F8DC24ABAE}.jpg', '0');
INSERT INTO `lanpartyclub_task` VALUES ('901', 'DeleteItemPhoto', '{8CC34D8F-4176-B859-BF22-C775608D0E57}.jpg', '0');
INSERT INTO `lanpartyclub_task` VALUES ('902', 'DeleteItemPhoto', '{B0DA7713-3105-602F-91BB-3EB69CA1F423}.jpg', '0');
INSERT INTO `lanpartyclub_task` VALUES ('903', 'DeleteItemPhoto', '{EDFB0D53-CCDA-A6C3-E2FA-E75D91C17436}.jpg', '0');
INSERT INTO `lanpartyclub_task` VALUES ('904', 'DeleteItemPhoto', '{FF7A7968-5FF5-2B52-70DA-14776D513A68}.jpg', '0');
INSERT INTO `lanpartyclub_task` VALUES ('905', 'DeleteItemPhoto', '{7917D2BA-88EE-2320-5D26-5AC23803393E}.jpg', '0');
INSERT INTO `lanpartyclub_task` VALUES ('906', 'DeleteItemPhoto', '{22F5A5FD-A73E-1B6E-91D0-A01936246323}.jpg', '0');
INSERT INTO `lanpartyclub_task` VALUES ('907', 'DeleteItemPhoto', '{811DEBDF-FDBA-7B99-FABC-AE0A622433F9}.jpg', '0');
INSERT INTO `lanpartyclub_task` VALUES ('908', 'DeleteItemPhoto', '{D994D8A9-C32A-6C5B-A743-ED4B7BA5122D}.jpg', '0');
INSERT INTO `lanpartyclub_task` VALUES ('909', 'DeleteItemPhoto', '{50E41D74-B33A-E242-C7FE-5DA7A3EA997A}.jpg', '0');
INSERT INTO `lanpartyclub_task` VALUES ('910', 'DeleteItemPhoto', '{76090C83-F1B6-C5BF-6853-257DA9552E6E}.jpg', '0');
INSERT INTO `lanpartyclub_task` VALUES ('911', 'DeleteItemPhoto', '{4A7B6060-7909-8E8E-8C77-4192DB2B88A2}.jpg', '0');
INSERT INTO `lanpartyclub_task` VALUES ('912', 'DeleteItemPhoto', '{5AF26FEA-5055-7F0A-B134-877B52320D24}.jpg', '0');
INSERT INTO `lanpartyclub_task` VALUES ('913', 'DeleteItemPhoto', '{A099F94C-0A06-5A7F-0FB4-DD142C67B85C}.jpg', '0');
INSERT INTO `lanpartyclub_task` VALUES ('914', 'DeleteItemPhoto', '{2F200DBC-D5AE-D555-FE82-48500A7FBD36}.jpg', '0');
INSERT INTO `lanpartyclub_task` VALUES ('915', 'DeleteItemPhoto', '{FBA673B1-9EC0-6421-2720-BD18A4A2101F}.jpg', '0');
INSERT INTO `lanpartyclub_task` VALUES ('916', 'DeleteItemPhoto', '{89BDE470-C8A1-8C7A-CD0B-1FD4F4E874BE}.jpg', '0');
INSERT INTO `lanpartyclub_task` VALUES ('917', 'DeleteItemPhoto', '{3065C492-BC3D-1B1A-7653-A44033303870}.jpg', '0');
INSERT INTO `lanpartyclub_task` VALUES ('918', 'DeleteItemPhoto', '{0FEDD0CF-8EB4-EB69-B2C1-3723DBA43183}.jpg', '0');
INSERT INTO `lanpartyclub_task` VALUES ('919', 'DeleteItemPhoto', '{D0DFF5F0-EDFC-045E-B684-16CF9DB8FC65}.jpg', '0');
INSERT INTO `lanpartyclub_task` VALUES ('920', 'DeleteItemPhoto', '{DFBEFDAB-217B-E7EF-20E6-2B34841FE870}.jpg', '0');
INSERT INTO `lanpartyclub_task` VALUES ('921', 'DeleteItemPhoto', '{4465ACA3-8723-4399-D018-C8BDC7DF6730}.png', '0');
INSERT INTO `lanpartyclub_task` VALUES ('922', 'DeleteItemPhoto', '{C746856B-C26C-E57C-CA8A-24C4C612F72D}.jpg', '0');
INSERT INTO `lanpartyclub_task` VALUES ('923', 'DeleteItemPhoto', '{22E9C9F4-4D1D-5203-1C39-F896C26EF6AB}.png', '0');
INSERT INTO `lanpartyclub_task` VALUES ('924', 'DeleteItemPhoto', '{E5C45AE3-F33E-85EA-8B48-C62FD3F6D5B0}.jpg', '0');
INSERT INTO `lanpartyclub_task` VALUES ('925', 'DeleteItemPhoto', '{467AB699-8D06-9545-3FA9-DB8891E0B570}.jpg', '0');
INSERT INTO `lanpartyclub_task` VALUES ('926', 'DeleteItemPhoto', '{E0241B7B-274C-986B-CA78-3845E36E3860}.jpg', '0');
INSERT INTO `lanpartyclub_task` VALUES ('927', 'DeleteItemPhoto', '{57B6DF35-66FF-791E-F980-1D87F6D6AAE4}.jpg', '0');
INSERT INTO `lanpartyclub_task` VALUES ('928', 'DeleteItemPhoto', '{04BBB7FD-640E-ECC5-3739-E6862E50198C}.jpg', '0');
INSERT INTO `lanpartyclub_task` VALUES ('929', 'DeleteItemPhoto', '{E5A83390-D132-C694-5D79-1099D7732CDC}.jpg', '0');
INSERT INTO `lanpartyclub_task` VALUES ('930', 'DeleteItemPhoto', '{3B2A5AF5-B003-7170-EE0E-D2205FBEC38D}.jpg', '0');
INSERT INTO `lanpartyclub_task` VALUES ('931', 'DeleteItemPhoto', '{6B5C1D56-8AA8-9153-BF31-2277D8A1C4FB}.jpg', '0');
INSERT INTO `lanpartyclub_task` VALUES ('932', 'DeleteItemPhoto', '{E5F4663E-5095-C83F-652D-75D1C697368D}.png', '0');
INSERT INTO `lanpartyclub_task` VALUES ('933', 'DeleteItemPhoto', '{EFC96417-AAE5-F6E5-B8F9-923B8C38115B}.jpg', '0');
INSERT INTO `lanpartyclub_task` VALUES ('934', 'DeleteItemPhoto', '{73E27F6E-3971-EE3B-94E5-102E296C268C}.jpg', '0');
INSERT INTO `lanpartyclub_task` VALUES ('935', 'DeleteItemPhoto', '{718F55C6-46EC-CDAF-1944-9E7D6D52FD0F}.jpg', '0');
INSERT INTO `lanpartyclub_task` VALUES ('936', 'DeleteItemPhoto', '{1BF64AE0-5512-A4ED-7431-A1DDA65B230F}.jpg', '0');
INSERT INTO `lanpartyclub_task` VALUES ('937', 'DeleteItemPhoto', '{CB1F3F9C-E03F-0888-7EAF-EC9F98548875}.jpg', '0');
INSERT INTO `lanpartyclub_task` VALUES ('938', 'DeleteItemPhoto', '{33B8EBF7-42BB-7CDE-E57D-59CEC67ED798}.jpg', '0');
INSERT INTO `lanpartyclub_task` VALUES ('939', 'DeleteItemPhoto', '{26F4EBDA-A3F9-C1E2-A785-4BC860B8B02F}.jpg', '0');
INSERT INTO `lanpartyclub_task` VALUES ('940', 'DeleteItemPhoto', '{11063E25-BD30-B17C-A564-B5EAB317DAB9}.jpg', '0');
INSERT INTO `lanpartyclub_task` VALUES ('941', 'DeleteItemPhoto', '{1071E603-90E7-1D5F-E1A0-B02101F7CBCE}.jpg', '0');
INSERT INTO `lanpartyclub_task` VALUES ('942', 'DeleteItemPhoto', '{FF8E0D6D-7C4B-7587-5CE0-9E9B2039BC8A}.jpg', '0');
INSERT INTO `lanpartyclub_task` VALUES ('943', 'DeleteItemPhoto', '{BA5BE7FE-271B-74C9-133B-0E5BE02F6860}.jpg', '0');
INSERT INTO `lanpartyclub_task` VALUES ('944', 'DeleteItemPhoto', '{32A5397D-86E7-566F-2F87-5F19C637DA49}.jpg', '0');
INSERT INTO `lanpartyclub_task` VALUES ('945', 'DeleteItemPhoto', '{5FA61AF9-4B8A-A88E-FE4D-A31DA14CE575}.jpg', '0');
INSERT INTO `lanpartyclub_task` VALUES ('946', 'DeleteItemPhoto', '{F8C77D22-F4A7-F380-75D1-ADF50152CB4E}.jpg', '0');
INSERT INTO `lanpartyclub_task` VALUES ('947', 'DeleteItemPhoto', '{D12AB6EF-48D4-6ECC-8F7D-E3BF1ED05C6C}.jpg', '0');
INSERT INTO `lanpartyclub_task` VALUES ('948', 'DeleteItemPhoto', '{82535DB6-EF3D-4895-99A4-10F86F6EFB63}.jpg', '0');
INSERT INTO `lanpartyclub_task` VALUES ('949', 'DeleteItemPhoto', '{F60D0FF6-D1F2-DD51-F25D-192C6D08A5C7}.jpg', '0');
INSERT INTO `lanpartyclub_task` VALUES ('950', 'DeleteItemPhoto', '{678B766F-8DC3-1B80-E27A-9E4687983B87}.jpg', '0');
INSERT INTO `lanpartyclub_task` VALUES ('951', 'DeleteItemPhoto', '{D8301D96-5B16-E472-41C6-6C677680D807}.jpg', '0');
INSERT INTO `lanpartyclub_task` VALUES ('952', 'DeleteItemPhoto', '{3BF3D97A-D0EB-B0D3-2EB4-B0A07FC0FE1F}.jpg', '0');
INSERT INTO `lanpartyclub_task` VALUES ('953', 'DeleteItemPhoto', '{5DFC4CC2-8416-E464-0757-29D41DDD24BB}.jpg', '0');
INSERT INTO `lanpartyclub_task` VALUES ('954', 'DeleteItemPhoto', '{1CC4B94D-438F-FEAB-0184-3A253D4CE4BC}.jpg', '0');
INSERT INTO `lanpartyclub_task` VALUES ('955', 'DeleteItemPhoto', '{7E3B94EF-65F3-2EAE-634F-3581C85E191C}.jpg', '0');
INSERT INTO `lanpartyclub_task` VALUES ('956', 'DeleteItemPhoto', '{F3DA6231-0BBD-03DB-1428-A882AFBEA6B0}.jpg', '0');
INSERT INTO `lanpartyclub_task` VALUES ('957', 'DeleteItemPhoto', '{9D317FDA-CC92-FFD2-3ED6-1BDFCB83C662}.jpg', '0');
INSERT INTO `lanpartyclub_task` VALUES ('958', 'DeleteItemPhoto', '{8148FD01-B718-E3E4-6947-3D798980D651}.jpg', '0');
INSERT INTO `lanpartyclub_task` VALUES ('959', 'DeleteItemPhoto', '{F949F419-A0F4-3536-2CBE-1AF7AA40D0FD}.jpg', '0');
INSERT INTO `lanpartyclub_task` VALUES ('960', 'DeleteItemPhoto', '{6A3E72B2-0D7A-D87E-3D93-B6771E2FB225}.jpg', '0');
INSERT INTO `lanpartyclub_task` VALUES ('961', 'DeleteItemPhoto', '{0B2CAA58-84D3-41F6-FD48-E63586073390}.jpg', '0');
INSERT INTO `lanpartyclub_task` VALUES ('962', 'DeleteItemPhoto', '{4A70CD64-355C-6C00-000B-C9371323DD20}.jpg', '0');
INSERT INTO `lanpartyclub_task` VALUES ('963', 'DeleteItemPhoto', '{54BD08D0-C8E6-9372-207F-F9B15958D74D}.jpg', '0');
INSERT INTO `lanpartyclub_task` VALUES ('964', 'DeleteItemPhoto', '{9D6D7EE2-4C6C-4EC4-8740-B6050AAACE01}.jpg', '0');
INSERT INTO `lanpartyclub_task` VALUES ('965', 'DeleteItemPhoto', '{4C395C10-C6D3-450F-C75A-193285BC53BC}.jpg', '0');
INSERT INTO `lanpartyclub_task` VALUES ('966', 'DeleteItemPhoto', '{ECC67FA4-A122-B862-E1B8-A682172579B9}.png', '0');
INSERT INTO `lanpartyclub_task` VALUES ('967', 'DeleteItemPhoto', '{8079EEF5-E0A0-B7E5-2899-421D036F5659}.jpg', '0');
INSERT INTO `lanpartyclub_task` VALUES ('968', 'DeleteItemPhoto', '{252AEA30-4430-2FED-A045-CB3855E057EC}.jpg', '0');
INSERT INTO `lanpartyclub_task` VALUES ('969', 'DeleteItemPhoto', '{6ECD5AE6-9E31-90A8-D8B0-644F9726EE31}.gif', '0');
INSERT INTO `lanpartyclub_task` VALUES ('970', 'DeleteItemPhoto', '{C01BA14E-6BAC-6594-5E18-8F162CCE1FDF}.jpg', '0');
INSERT INTO `lanpartyclub_task` VALUES ('971', 'DeleteItemPhoto', '{242014D5-5A60-0178-E7A8-4A83E6098FBA}.jpg', '0');
INSERT INTO `lanpartyclub_task` VALUES ('972', 'DeleteItemPhoto', '{4D69DDBD-6635-C8F3-80BC-F7FAEF93DBC0}.jpg', '0');
INSERT INTO `lanpartyclub_task` VALUES ('973', 'DeleteItemPhoto', '{4C9C9220-82E4-C97C-DCDA-E377F3F62C23}.jpg', '0');
INSERT INTO `lanpartyclub_task` VALUES ('974', 'DeleteItemPhoto', '{254EB19C-C238-1E1F-CE92-B89C440203A2}.jpg', '0');
INSERT INTO `lanpartyclub_task` VALUES ('975', 'DeleteItemPhoto', '{5317BA5C-DCF1-EC5A-E05B-2F85F0EA359C}.png', '0');
INSERT INTO `lanpartyclub_task` VALUES ('976', 'DeleteItemPhoto', '{DCB63094-ED76-3D31-2D85-C764E45AC5AA}.png', '0');
INSERT INTO `lanpartyclub_task` VALUES ('977', 'DeleteItemPhoto', '{D26A5365-1A7E-147C-1795-E21937AD03C8}.jpg', '0');
INSERT INTO `lanpartyclub_task` VALUES ('978', 'DeleteItemPhoto', '{F59C7EB7-80F6-80E4-6D21-6C1FBCF5FC30}.jpg', '0');
INSERT INTO `lanpartyclub_task` VALUES ('979', 'DeleteItemPhoto', '{B0CE00BD-C399-43BC-9B5A-58C28CD8AAE1}.png', '0');
INSERT INTO `lanpartyclub_task` VALUES ('980', 'DeleteItemPhoto', '{24464054-E38B-EC94-14AB-74E5790CE9E5}.jpg', '0');
INSERT INTO `lanpartyclub_task` VALUES ('981', 'DeleteItemPhoto', '{393ECCD7-E8CF-C1D4-AC16-DC83969D361A}.png', '0');
INSERT INTO `lanpartyclub_task` VALUES ('982', 'DeleteItemPhoto', '{71EAFA3E-233E-39C6-D5B2-8916D7F93D40}.png', '0');
INSERT INTO `lanpartyclub_task` VALUES ('983', 'DeleteItemPhoto', '{5AA2B8D8-665A-F5B7-1DAE-A162E72FEA97}.jpg', '0');
INSERT INTO `lanpartyclub_task` VALUES ('984', 'DeleteItemPhoto', '{80BFDF0F-BB76-922B-6C53-C4E897C6F1AA}.jpg', '0');
INSERT INTO `lanpartyclub_task` VALUES ('985', 'DeleteItemPhoto', '{858C4EE2-5EEC-4695-3AF2-4B1C89BD7B5D}.jpg', '0');
INSERT INTO `lanpartyclub_task` VALUES ('986', 'DeleteItemPhoto', '{787BD748-85F5-F028-5D64-51B55D22F702}.jpg', '0');
INSERT INTO `lanpartyclub_task` VALUES ('987', 'DeleteItemPhoto', '{FEEC35B4-2607-06B3-293D-6826E5FBB8E9}.jpg', '0');
INSERT INTO `lanpartyclub_task` VALUES ('988', 'DeleteItemPhoto', '{F51861A8-566F-598B-9B23-A61822A3E1EE}.jpg', '0');
INSERT INTO `lanpartyclub_task` VALUES ('990', 'DeleteItemPhoto', '{897EA890-07D1-FED6-BBE6-BC4DF37AE5C3}.jpg', '0');
INSERT INTO `lanpartyclub_task` VALUES ('991', 'DeleteItemPhoto', '{C2125D89-C129-9B5C-71CC-7DF4573E6F61}.jpg', '0');
INSERT INTO `lanpartyclub_task` VALUES ('993', 'DeleteItemPhoto', '{EA9D0E1D-E192-964D-E237-F955092CB4BF}.png', '0');
INSERT INTO `lanpartyclub_task` VALUES ('994', 'DeleteItemPhoto', '{EC4D489D-3F7A-D6BF-B975-78EDF679F99B}.jpg', '0');
INSERT INTO `lanpartyclub_task` VALUES ('995', 'DeleteItemPhoto', '{C47025EB-D979-3EB2-07DD-EBF5B1A231AD}.jpg', '0');
INSERT INTO `lanpartyclub_task` VALUES ('996', 'DeleteItemPhoto', '{DCA68C02-480B-8229-43B6-6A724A52B018}.jpg', '0');
INSERT INTO `lanpartyclub_task` VALUES ('997', 'DeleteItemPhoto', '{07CA9789-2D44-F53A-D373-59DD760520BF}.jpg', '0');
INSERT INTO `lanpartyclub_task` VALUES ('1000', 'DeleteItemPhoto', '{2FDCBA3C-44A1-648A-A638-5499EC6913B4}.jpg', '0');
INSERT INTO `lanpartyclub_task` VALUES ('1001', 'DeleteItemPhoto', '{E48ADDAF-423B-6EAE-44AE-CDC53338010D}.jpg', '0');
INSERT INTO `lanpartyclub_task` VALUES ('1002', 'DeleteItemPhoto', '{41F09917-13F3-07F4-8D14-0D8A8DBFE207}.jpg', '0');
INSERT INTO `lanpartyclub_task` VALUES ('1003', 'DeleteItemPhoto', '{4C6D4023-8EEA-2623-B3AC-E6F7F6896E05}.jpg', '0');
INSERT INTO `lanpartyclub_task` VALUES ('1004', 'DeleteItemPhoto', '{F608EADB-8EAB-ECDC-1B77-3D8CAFC36F69}.jpg', '0');
INSERT INTO `lanpartyclub_task` VALUES ('1005', 'DeleteItemPhoto', '{6CB315F2-0485-8F44-F611-D089860F786F}.jpg', '0');
INSERT INTO `lanpartyclub_task` VALUES ('1006', 'DeleteItemPhoto', '{C3377F8B-6E88-C307-A5D3-66B479B9613A}.jpg', '0');
INSERT INTO `lanpartyclub_task` VALUES ('1007', 'DeleteItemPhoto', '{8239DB74-2199-2D72-407B-956E3271A415}.png', '0');
INSERT INTO `lanpartyclub_task` VALUES ('1008', 'DeleteItemPhoto', '{54A7052E-A49E-D2EE-9369-17D01F1EB7B0}.jpg', '0');
INSERT INTO `lanpartyclub_task` VALUES ('1009', 'DeleteItemPhoto', '{0E29B228-60AB-E63B-97A0-0573E832C07B}.jpg', '0');
INSERT INTO `lanpartyclub_task` VALUES ('1010', 'DeleteItemPhoto', '{B56D6226-8590-99C8-DA14-7BE269BEEEFC}.jpg', '0');
INSERT INTO `lanpartyclub_task` VALUES ('1011', 'DeleteItemPhoto', '{6B9A7170-28F3-5C59-080C-8A966B7180CC}.jpg', '0');
INSERT INTO `lanpartyclub_task` VALUES ('1014', 'DeleteItemPhoto', '{5296AECC-4600-B966-5721-CF206AEC0883}.jpg', '0');
INSERT INTO `lanpartyclub_task` VALUES ('1015', 'DeleteItemPhoto', '{33793AED-D229-4F47-F87F-900B57BD6A1E}.png', '0');
INSERT INTO `lanpartyclub_task` VALUES ('1016', 'DeleteItemPhoto', '{6A0688E6-FC3F-939F-B1C9-06E43B01E722}.jpg', '0');
INSERT INTO `lanpartyclub_task` VALUES ('1017', 'DeleteItemPhoto', '{890E49E0-24C0-A378-E20E-E7EFFA09D924}.jpg', '0');
INSERT INTO `lanpartyclub_task` VALUES ('1018', 'DeleteItemPhoto', '{2034C743-B3F0-FE78-E266-48096FF732CB}.jpg', '0');
INSERT INTO `lanpartyclub_task` VALUES ('1022', 'DeleteItemPhoto', '{4141F5AD-272F-57F3-C9E8-877A0C198588}.jpg', '0');
INSERT INTO `lanpartyclub_task` VALUES ('1023', 'DeleteItemPhoto', '{DC941965-8556-8BE5-2093-F51F31F1D864}.jpg', '0');
INSERT INTO `lanpartyclub_task` VALUES ('1024', 'DeleteItemPhoto', '{3171B12B-4EF5-64B7-8546-72E300739CE6}.jpg', '0');
INSERT INTO `lanpartyclub_task` VALUES ('1025', 'DeleteItemPhoto', '{6ED0DF81-9C4F-ABD1-5B43-E362BFB02F0B}.jpg', '0');
INSERT INTO `lanpartyclub_task` VALUES ('1026', 'DeleteItemPhoto', '{A51A52D2-E9F8-9DFA-EA38-6F968FC64B87}.png', '0');
INSERT INTO `lanpartyclub_task` VALUES ('1027', 'DeleteItemPhoto', '{2E264D4E-A96C-31D3-A66C-0FEDACF5022F}.jpg', '0');
INSERT INTO `lanpartyclub_task` VALUES ('1028', 'DeleteItemPhoto', '{4096C67F-D802-CBBB-F9D7-25D46C86AC1B}.jpg', '0');
INSERT INTO `lanpartyclub_task` VALUES ('1029', 'DeleteItemPhoto', '{63C352C1-AC1F-66D7-4EF5-9BF591528806}.jpg', '0');
INSERT INTO `lanpartyclub_task` VALUES ('1030', 'DeleteItemPhoto', '{0330E5D5-5E9C-FE5A-705C-00ADD5FFEEF3}.jpg', '0');
INSERT INTO `lanpartyclub_task` VALUES ('1031', 'DeleteItemPhoto', '{305ED53C-975B-6C7E-5142-CF586B159638}.jpg', '0');
INSERT INTO `lanpartyclub_task` VALUES ('1032', 'DeleteItemPhoto', '{743A871F-7209-9755-1931-0646306F69D3}.jpg', '0');
INSERT INTO `lanpartyclub_task` VALUES ('1033', 'DeleteItemPhoto', '{6296CEBC-0E3E-C3D0-BFCA-19A809CFC1FA}.jpg', '0');
INSERT INTO `lanpartyclub_task` VALUES ('1034', 'DeleteItemPhoto', '{40BD6CE1-68AE-8C8D-A6A3-11021AC43A85}.jpg', '0');
INSERT INTO `lanpartyclub_task` VALUES ('1035', 'DeleteItemPhoto', '{3787CC39-6703-1418-4D6E-23F670CBA8AF}.jpg', '0');
INSERT INTO `lanpartyclub_task` VALUES ('1036', 'DeleteItemPhoto', '{F078C7FF-3305-10E9-FF82-6C2AB747E765}.jpg', '0');
INSERT INTO `lanpartyclub_task` VALUES ('1037', 'DeleteItemPhoto', '{EAB1523F-5127-E5D7-6A1F-02490427E4C6}.jpg', '0');
INSERT INTO `lanpartyclub_task` VALUES ('1038', 'DeleteItemPhoto', '{AD15E6A8-0627-8CFC-BEEF-77EAA82565AF}.jpg', '0');
INSERT INTO `lanpartyclub_task` VALUES ('1039', 'DeleteItemPhoto', '{D3C0D3F2-B685-6AF9-5908-8B3088811495}.jpg', '0');
INSERT INTO `lanpartyclub_task` VALUES ('1040', 'DeleteItemPhoto', '{7905FC61-F12C-38FC-CD25-0BB65B341EB7}.jpg', '0');
INSERT INTO `lanpartyclub_task` VALUES ('1041', 'DeleteItemPhoto', '{ECFDFA3A-9290-E6D6-64AB-B0DBD49ACCC8}.jpg', '0');
INSERT INTO `lanpartyclub_task` VALUES ('1042', 'DeleteItemPhoto', '{92B93D78-12E9-78E5-4464-20265694B8F6}.jpg', '0');
INSERT INTO `lanpartyclub_task` VALUES ('1043', 'DeleteItemPhoto', '{BBF2E814-0772-886C-5775-6C6CB362A39B}.jpg', '0');
INSERT INTO `lanpartyclub_task` VALUES ('1044', 'DeleteItemPhoto', '{897FA90B-6DF7-3ABD-5515-589FC3875839}.jpg', '0');
INSERT INTO `lanpartyclub_task` VALUES ('1045', 'DeleteItemPhoto', '{13FCAC13-E065-A7F3-5DE2-ACEABA83B622}.jpg', '0');
INSERT INTO `lanpartyclub_task` VALUES ('1046', 'DeleteItemPhoto', '{79346838-DBFA-ACE4-F29D-A6A9AF692860}.jpg', '0');
INSERT INTO `lanpartyclub_task` VALUES ('1047', 'DeleteItemPhoto', '{83390F1F-2D1E-A480-6DCA-BE2A89E15C22}.jpg', '0');
INSERT INTO `lanpartyclub_task` VALUES ('1048', 'DeleteItemPhoto', '{973C1E27-51F8-0F0B-93F6-16BC2425916F}.jpg', '0');
INSERT INTO `lanpartyclub_task` VALUES ('1049', 'DeleteItemPhoto', '{38A1FC10-F14C-1139-DEA0-571784036F7C}.jpg', '0');
INSERT INTO `lanpartyclub_task` VALUES ('1050', 'DeleteItemPhoto', '{09D29296-854E-2245-56B5-BCD20617895B}.jpg', '0');
INSERT INTO `lanpartyclub_task` VALUES ('1051', 'DeleteItemPhoto', '{E85B4ED9-C18A-BF87-0F79-BC251E8C7833}.jpg', '0');
INSERT INTO `lanpartyclub_task` VALUES ('1052', 'DeleteItemPhoto', '{77F9EC5A-1FB1-8ACD-5A08-F845AE43C1BD}.jpg', '0');
INSERT INTO `lanpartyclub_task` VALUES ('1053', 'DeleteItemPhoto', '{43B698D0-FD21-EDA0-29D0-24C26CB22D12}.jpg', '0');
INSERT INTO `lanpartyclub_task` VALUES ('1054', 'DeleteItemPhoto', '{63338B38-DD4F-BF5D-B2F6-D23D2942C199}.jpg', '0');
INSERT INTO `lanpartyclub_task` VALUES ('1055', 'DeleteItemPhoto', '{57AFDA3D-5200-C604-992A-655054B7DD1A}.jpg', '0');
INSERT INTO `lanpartyclub_task` VALUES ('1056', 'DeleteItemPhoto', '{77E324BC-1522-AA78-45B9-B4984DE6C64B}.jpg', '0');
INSERT INTO `lanpartyclub_task` VALUES ('1057', 'DeleteItemPhoto', '{1911FB47-CB81-C781-8921-E308A25109C3}.jpg', '0');
INSERT INTO `lanpartyclub_task` VALUES ('1058', 'DeleteItemPhoto', '{EAE945FD-D86C-F61B-24A4-DBD4206760AA}.jpg', '0');
INSERT INTO `lanpartyclub_task` VALUES ('1059', 'DeleteItemPhoto', '{5FD4A96F-17C3-E15D-9093-BE976585CE0D}.jpg', '0');
INSERT INTO `lanpartyclub_task` VALUES ('1060', 'DeleteItemPhoto', '{3E9C6C01-DF46-BDA6-229F-3879E76A6F8F}.jpg', '0');
INSERT INTO `lanpartyclub_task` VALUES ('1061', 'DeleteItemPhoto', '{C5EF2536-3D56-857B-E0FA-A09A0BBC4A42}.jpg', '0');
INSERT INTO `lanpartyclub_task` VALUES ('1062', 'DeleteItemPhoto', '{B772F277-C752-FC3B-0870-FC2FE9367F7B}.jpg', '0');
INSERT INTO `lanpartyclub_task` VALUES ('1063', 'DeleteItemPhoto', '{F4EF6F12-1950-4878-EF57-81C632A871A0}.jpg', '0');
INSERT INTO `lanpartyclub_task` VALUES ('1064', 'DeleteItemPhoto', '{97FB9682-AEE6-43A5-8461-91116F71BE06}.jpg', '0');
INSERT INTO `lanpartyclub_task` VALUES ('1065', 'DeleteItemPhoto', '{2D1532EF-9E36-F2D6-B303-BFB9BF65CFDE}.jpg', '0');
INSERT INTO `lanpartyclub_task` VALUES ('1066', 'DeleteItemPhoto', '{EF408684-2D85-FD4A-0674-063896A7F835}.jpg', '0');
INSERT INTO `lanpartyclub_task` VALUES ('1067', 'DeleteItemPhoto', '{EF3F9D99-B621-37B0-3638-3C10BCD24F5A}.jpg', '0');
INSERT INTO `lanpartyclub_task` VALUES ('1068', 'DeleteItemPhoto', '{2D43ED22-847A-A25F-F5E2-EF8C42877B0B}.jpg', '0');
INSERT INTO `lanpartyclub_task` VALUES ('1069', 'DeleteItemPhoto', '{BCE14309-7156-3CA1-482C-C85B5934D2F4}.jpg', '0');
INSERT INTO `lanpartyclub_task` VALUES ('1070', 'DeleteItemPhoto', '{2035ECFB-4D52-2BCC-CB29-D1DC5CF2F13B}.jpg', '0');
INSERT INTO `lanpartyclub_task` VALUES ('1071', 'DeleteItemPhoto', '{A8C1FE97-2AAC-1CE2-A3AA-61754F49294E}.jpg', '0');
INSERT INTO `lanpartyclub_task` VALUES ('1072', 'DeleteItemPhoto', '{C18DC5CF-899F-4884-8DFB-09099F80A96C}.jpg', '0');
INSERT INTO `lanpartyclub_task` VALUES ('1073', 'DeleteItemPhoto', '{7DBF1EC5-627A-4401-8D8A-0A99A522DA7A}.jpg', '0');
INSERT INTO `lanpartyclub_task` VALUES ('1074', 'DeleteItemPhoto', '{9C624073-3262-27DA-EF53-2C93B8AB549C}.jpg', '0');
INSERT INTO `lanpartyclub_task` VALUES ('1075', 'DeleteItemPhoto', '{EC6B8C55-0679-268E-FA19-EB4A7C6889D3}.jpg', '0');
INSERT INTO `lanpartyclub_task` VALUES ('1076', 'DeleteItemPhoto', '{CF1999AE-98E6-6FE8-EC8C-47FC5AFB68EA}.jpg', '0');
INSERT INTO `lanpartyclub_task` VALUES ('1077', 'DeleteItemPhoto', '{0EBC8D9D-4C14-F303-245A-D2575862AC36}.png', '0');
INSERT INTO `lanpartyclub_task` VALUES ('1078', 'DeleteItemPhoto', '{960DEEF2-C924-6A33-B420-70F67F59E759}.jpg', '0');
INSERT INTO `lanpartyclub_task` VALUES ('1079', 'DeleteItemPhoto', '{DBDC9FCC-8DA1-8B20-897A-14B6A033C824}.jpg', '0');
INSERT INTO `lanpartyclub_task` VALUES ('1080', 'DeleteItemPhoto', '{1D397E87-1584-DFB2-165F-2F86CF836233}.png', '0');
INSERT INTO `lanpartyclub_task` VALUES ('1081', 'DeleteItemPhoto', '{C7C6E87E-9B75-B7A6-B569-D472F15D7B0E}.jpg', '0');
INSERT INTO `lanpartyclub_task` VALUES ('1082', 'DeleteItemPhoto', '{C7D51A18-7627-6280-1754-77C8ED63EA9A}.png', '0');
INSERT INTO `lanpartyclub_task` VALUES ('1083', 'DeleteItemPhoto', '{9300F1CC-9410-663E-3FBB-A3FA47DD2D93}.jpg', '0');
INSERT INTO `lanpartyclub_task` VALUES ('1084', 'DeleteItemPhoto', '{0893B8F1-2DD0-C123-1555-CC194FBE8012}.png', '0');
INSERT INTO `lanpartyclub_task` VALUES ('1085', 'DeleteItemPhoto', '{C94FD9DC-4F00-3CF6-A149-54DB58F7E1F9}.png', '0');
INSERT INTO `lanpartyclub_task` VALUES ('1086', 'DeleteItemPhoto', '{77DF1EB9-295D-E409-953B-3EA421C099E3}.png', '0');
INSERT INTO `lanpartyclub_task` VALUES ('1087', 'DeleteItemPhoto', '{D12AEF35-644F-D461-7206-58B21EB2C27A}.jpg', '0');
INSERT INTO `lanpartyclub_task` VALUES ('1088', 'DeleteItemPhoto', '{8C95B7B4-5772-BAF6-BF46-D8DF1E3D0A2C}.jpg', '0');
INSERT INTO `lanpartyclub_task` VALUES ('1089', 'DeleteItemPhoto', '{E9471830-2CF1-85BB-D9FB-4DE63EE8BDFF}.jpg', '0');
INSERT INTO `lanpartyclub_task` VALUES ('1090', 'DeleteItemPhoto', '{0B99A2EA-8328-F6F4-5783-47E5B8FF24E7}.png', '0');
INSERT INTO `lanpartyclub_task` VALUES ('1091', 'DeleteItemPhoto', '{9CE9ABC9-4D8E-45EA-0FE2-3567DD8CD16B}.jpg', '0');
INSERT INTO `lanpartyclub_task` VALUES ('1092', 'DeleteItemPhoto', '{8C8CB2F8-28F8-0391-31B5-160300EF908E}.jpg', '0');
INSERT INTO `lanpartyclub_task` VALUES ('1093', 'DeleteItemPhoto', '{714F1946-1B75-1EF7-3D25-8F11AB3C6131}.png', '0');
INSERT INTO `lanpartyclub_task` VALUES ('1094', 'DeleteItemPhoto', '{6E4AD688-CED0-EEA6-C445-BFE263162B66}.jpg', '0');
INSERT INTO `lanpartyclub_task` VALUES ('1095', 'DeleteItemPhoto', '{10AFB68B-F536-0896-7C56-056075A88A5A}.jpg', '0');
INSERT INTO `lanpartyclub_task` VALUES ('1096', 'DeleteItemPhoto', '{78CAEFF1-A4C2-815C-657D-82B30E0AE0CF}.jpg', '0');
INSERT INTO `lanpartyclub_task` VALUES ('1097', 'DeleteItemPhoto', '{2ED0F964-F954-4D2B-1B01-51B003417CCB}.jpg', '0');
INSERT INTO `lanpartyclub_task` VALUES ('1098', 'DeleteItemPhoto', '{88894FFC-5742-A3CC-5F43-65D19D1164F1}.jpg', '0');
INSERT INTO `lanpartyclub_task` VALUES ('1099', 'DeleteItemPhoto', '{C3A81F2F-E084-518A-8443-B4794C6DCE8A}.jpg', '0');
INSERT INTO `lanpartyclub_task` VALUES ('1100', 'DeleteItemPhoto', '{0E6287D6-6890-4FB5-AD33-3B0949938D95}.jpg', '0');
INSERT INTO `lanpartyclub_task` VALUES ('1101', 'DeleteItemPhoto', '{4BF4C5FE-11E6-9FB3-A310-27A09B02B7A4}.jpg', '0');
INSERT INTO `lanpartyclub_task` VALUES ('1102', 'DeleteItemPhoto', '{0FB2D98D-BE70-BFB4-EF8D-D27060EA0879}.jpg', '0');
INSERT INTO `lanpartyclub_task` VALUES ('1103', 'DeleteItemPhoto', '{25DA76B9-A96A-D32C-87BA-079EEC2A7BBF}.jpg', '0');
INSERT INTO `lanpartyclub_task` VALUES ('1104', 'DeleteItemPhoto', '{7072E6D3-EB32-594C-6359-C4AC7C2E1871}.jpg', '0');
INSERT INTO `lanpartyclub_task` VALUES ('1105', 'DeleteItemPhoto', '{C2FE3D0E-EFD4-5ABC-6B4E-113C2677EDFB}.png', '0');
INSERT INTO `lanpartyclub_task` VALUES ('1106', 'DeleteItemPhoto', '{5C66A0AE-2126-6A1B-E568-B429854DA29A}.png', '0');
INSERT INTO `lanpartyclub_task` VALUES ('1107', 'DeleteItemPhoto', '{A4CBB9A3-A669-A278-DFE7-3CCD08E89522}.jpg', '0');
INSERT INTO `lanpartyclub_task` VALUES ('1108', 'DeleteItemPhoto', '{3F213BEE-1BE2-F105-8098-D8BBF36C17E7}.jpg', '0');
INSERT INTO `lanpartyclub_task` VALUES ('1109', 'DeleteItemPhoto', '{A97C0E4F-7258-5898-7BE5-63B9A6535FBA}.jpg', '0');
INSERT INTO `lanpartyclub_task` VALUES ('1110', 'DeleteItemPhoto', '{567135D2-BE7C-E644-1CDE-F6C3AC83EFC7}.jpg', '0');
INSERT INTO `lanpartyclub_task` VALUES ('1111', 'DeleteItemPhoto', '{BC30F2AB-9541-11FF-227E-54BCCDF45120}.jpg', '0');
INSERT INTO `lanpartyclub_task` VALUES ('1112', 'DeleteItemPhoto', '{88FA9F8F-30A2-056F-8CF8-271B87B9DA0F}.jpg', '0');
INSERT INTO `lanpartyclub_task` VALUES ('1113', 'DeleteItemPhoto', '{827CFA06-C6B1-1095-6008-5840D2330A97}.jpg', '0');
INSERT INTO `lanpartyclub_task` VALUES ('1114', 'DeleteItemPhoto', '{17F18880-25FE-B4BE-CD74-9BF1850C8E20}.jpg', '0');
INSERT INTO `lanpartyclub_task` VALUES ('1115', 'DeleteItemPhoto', '{BEFB335A-C8AE-536B-1D66-19A070FEB112}.jpg', '0');
INSERT INTO `lanpartyclub_task` VALUES ('1116', 'DeleteItemPhoto', '{42BD02B5-4FA7-88B5-7ED3-F2681B09D639}.jpg', '0');
INSERT INTO `lanpartyclub_task` VALUES ('1117', 'DeleteItemPhoto', '{A0ECFC22-D62D-839F-E070-9238A2F3E4A4}.jpg', '0');
INSERT INTO `lanpartyclub_task` VALUES ('1118', 'DeleteItemPhoto', '{38F06971-7EF9-B410-3A54-1CEB4EEDD50A}.jpg', '0');
INSERT INTO `lanpartyclub_task` VALUES ('1119', 'DeleteItemPhoto', '{73E074C5-352F-24A2-E269-3FDB940B8A20}.jpg', '0');
INSERT INTO `lanpartyclub_task` VALUES ('1120', 'DeleteItemPhoto', '{9AA75E03-E5CC-9126-1D7F-9CBEF94571BD}.jpg', '0');
INSERT INTO `lanpartyclub_task` VALUES ('1121', 'DeleteItemPhoto', '{884FC2B9-1347-E51C-DC5F-0152D0975AA2}.jpg', '0');
INSERT INTO `lanpartyclub_task` VALUES ('1122', 'DeleteItemPhoto', '{FB3AE16D-33AD-C8CD-D736-2236B777104A}.jpg', '0');
INSERT INTO `lanpartyclub_task` VALUES ('1123', 'DeleteItemPhoto', '{3D796C2B-FCD1-885E-EB12-6A273DFB05DB}.jpg', '0');
INSERT INTO `lanpartyclub_task` VALUES ('1124', 'DeleteItemPhoto', '{61419F30-B9FE-E9AD-A49C-AF6C009EB0E6}.jpg', '0');
INSERT INTO `lanpartyclub_task` VALUES ('1125', 'DeleteItemPhoto', '{55C6A6FF-E85D-C7EC-9E84-BA3EF397E2ED}.jpg', '0');
INSERT INTO `lanpartyclub_task` VALUES ('1126', 'DeleteItemPhoto', '{05BF9FD0-3D94-48BA-D2E6-70466961A1FC}.jpg', '0');
INSERT INTO `lanpartyclub_task` VALUES ('1127', 'DeleteItemPhoto', '{52B62095-3D09-9276-9E48-81D123F6FE2E}.jpg', '0');
INSERT INTO `lanpartyclub_task` VALUES ('1128', 'DeleteItemPhoto', '{59D7E34A-6D35-BB9D-E071-B72B994DFE75}.jpg', '0');
INSERT INTO `lanpartyclub_task` VALUES ('1129', 'DeleteItemPhoto', '{A9F8BB1B-5269-C809-B7DE-BE47C427A70C}.jpg', '0');
INSERT INTO `lanpartyclub_task` VALUES ('1130', 'DeleteItemPhoto', '{3784F9A1-F8EA-505F-B654-F82D07B1F3E0}.jpg', '0');
INSERT INTO `lanpartyclub_task` VALUES ('1131', 'DeleteItemPhoto', '{8C70ADED-2508-9778-7EB6-BB7A67F0850A}.jpg', '0');
INSERT INTO `lanpartyclub_task` VALUES ('1132', 'DeleteItemPhoto', '{2A6FA18E-4013-A614-87DA-6AB5CF16E6A8}.jpg', '0');
INSERT INTO `lanpartyclub_task` VALUES ('1133', 'DeleteItemPhoto', '{F1208F05-5F00-4905-452E-23A89591D602}.jpg', '0');
INSERT INTO `lanpartyclub_task` VALUES ('1134', 'DeleteItemPhoto', '{CB5E1CFA-F5B2-9FAD-119E-57A217465B35}.jpg', '0');
INSERT INTO `lanpartyclub_task` VALUES ('1135', 'DeleteItemPhoto', '{5991D7DB-68DC-4896-A910-1114352592B5}.jpg', '0');
INSERT INTO `lanpartyclub_task` VALUES ('1138', 'DeleteItemPhoto', '{D5573728-C1DC-5511-9366-C76F61D1E0F8}.jpg', '0');
INSERT INTO `lanpartyclub_task` VALUES ('1139', 'DeletePhoto', '{47A8EA79-3843-CC63-2D40-19FD5FC255AE}.jpg', '0');
INSERT INTO `lanpartyclub_task` VALUES ('1140', 'DeleteItemPhoto', '{970880FB-63C6-74C5-C8C3-CA6A485872FB}.jpg', '0');
INSERT INTO `lanpartyclub_task` VALUES ('1141', 'DeleteItemPhoto', '{061C34F2-03F2-93C7-BFB1-AD63428E90AD}.jpg', '0');
INSERT INTO `lanpartyclub_task` VALUES ('1142', 'DeleteItemPhoto', '{C6267332-8AF5-38F1-11F3-AAC1EA956556}.jpg', '0');
INSERT INTO `lanpartyclub_task` VALUES ('1143', 'DeleteItemPhoto', '{09521BAC-04F7-46A9-6884-574D8E94B045}.jpg', '0');
INSERT INTO `lanpartyclub_task` VALUES ('1144', 'DeleteItemPhoto', '{3E3699A9-6807-B3B0-EB84-F28364B74829}.jpg', '0');
INSERT INTO `lanpartyclub_task` VALUES ('1145', 'DeleteItemPhoto', '{8D0B05CC-ABD8-5FDB-5F72-DCB0EFAAB0AD}.jpg', '0');
INSERT INTO `lanpartyclub_task` VALUES ('1146', 'DeleteItemPhoto', '{A10EF1B1-1ED9-FED6-81DE-FF870AC86139}.jpg', '0');
INSERT INTO `lanpartyclub_task` VALUES ('1147', 'DeleteItemPhoto', '{5BC53572-5522-A203-F097-A72A075AC6E6}.jpg', '0');
INSERT INTO `lanpartyclub_task` VALUES ('1148', 'DeleteItemPhoto', '{54329F3B-F016-96C9-D765-FA2B4B6EA6BD}.jpg', '0');
INSERT INTO `lanpartyclub_task` VALUES ('1149', 'DeleteItemPhoto', '{1298A652-46FC-707E-7081-0F44B0FDE317}.jpg', '0');
INSERT INTO `lanpartyclub_task` VALUES ('1150', 'DeleteItemPhoto', '{7A88EBBB-6A21-7EA4-209C-D80FF4CF7EBF}.jpg', '0');
INSERT INTO `lanpartyclub_task` VALUES ('1151', 'DeleteItemPhoto', '{59B15961-EF78-7543-C917-4DC8F8B6553C}.jpg', '0');
INSERT INTO `lanpartyclub_task` VALUES ('1152', 'DeleteItemPhoto', '{B2B4043B-9D26-C2D4-EBF9-A10FCFE01F16}.jpg', '0');
INSERT INTO `lanpartyclub_task` VALUES ('1153', 'DeleteItemPhoto', '{B4D558E0-8E0C-5756-D4B4-DDC8DF427010}.jpg', '0');
INSERT INTO `lanpartyclub_task` VALUES ('1154', 'DeleteItemPhoto', '{439B42BD-992D-A6C4-5312-2DD6C848D364}.jpg', '0');
INSERT INTO `lanpartyclub_task` VALUES ('1155', 'DeleteItemPhoto', '{1E02FBDE-05B4-3E1E-7370-687AB0061C58}.jpg', '0');
INSERT INTO `lanpartyclub_task` VALUES ('1156', 'DeleteItemPhoto', '{6EFBA0C7-6B1E-F832-6990-F8875EFDC6C3}.jpg', '0');
INSERT INTO `lanpartyclub_task` VALUES ('1157', 'DeleteItemPhoto', '{635D4E90-8283-A646-9D33-51C37C5DC1FA}.jpg', '0');
INSERT INTO `lanpartyclub_task` VALUES ('1158', 'DeleteItemPhoto', '{914A2454-ACE8-95A8-2006-87B2C060FF3A}.jpg', '0');
INSERT INTO `lanpartyclub_task` VALUES ('1159', 'DeleteItemPhoto', '{7C690074-C49E-32A6-B139-A2A4A1B36660}.jpg', '0');
INSERT INTO `lanpartyclub_task` VALUES ('1160', 'DeleteItemPhoto', '{308CC62D-CB3F-4DBD-93C8-731056C643E4}.jpg', '0');
INSERT INTO `lanpartyclub_task` VALUES ('1161', 'DeleteItemPhoto', '{90527B8E-18C8-09E0-B497-318A226F3351}.jpg', '0');
INSERT INTO `lanpartyclub_task` VALUES ('1162', 'DeleteItemPhoto', '{481891A8-1DF8-6EE4-F764-B2FC243577BF}.jpg', '0');
INSERT INTO `lanpartyclub_task` VALUES ('1163', 'DeleteItemPhoto', '{F1C2A5DC-F22B-E7A8-174E-FEC3BC145BF9}.jpg', '0');
INSERT INTO `lanpartyclub_task` VALUES ('1164', 'DeleteItemPhoto', '{978FEB98-4959-6871-7462-FEC93A006E8D}.jpg', '0');
INSERT INTO `lanpartyclub_task` VALUES ('1165', 'DeleteItemPhoto', '{3226DA57-8376-D98A-5E33-A84D39AB170E}.jpg', '0');
INSERT INTO `lanpartyclub_task` VALUES ('1166', 'DeleteItemPhoto', '{979C8792-7421-5A22-DD83-015BF25195D2}.jpg', '0');
INSERT INTO `lanpartyclub_task` VALUES ('1167', 'DeleteItemPhoto', '{7B25389B-25C9-2EA8-4698-9E3722EDF9AF}.jpg', '0');
INSERT INTO `lanpartyclub_task` VALUES ('1168', 'DeleteItemPhoto', '{94F4408D-DEEC-38AA-7894-26761B655B98}.jpg', '0');
INSERT INTO `lanpartyclub_task` VALUES ('1169', 'DeleteItemPhoto', '{CBCDE36F-B93F-B0DA-1C87-9A7246E2ADBC}.jpg', '0');
INSERT INTO `lanpartyclub_task` VALUES ('1170', 'DeleteItemPhoto', '{00912152-A3E8-128B-B251-018CCC24FFFE}.jpg', '0');
INSERT INTO `lanpartyclub_task` VALUES ('1171', 'DeleteItemPhoto', '{A804C380-42C5-69A6-90D2-0D54E4027C2F}.jpg', '0');
INSERT INTO `lanpartyclub_task` VALUES ('1172', 'DeleteItemPhoto', '{23D02F69-71A1-EB0B-501E-A71DACB22F03}.jpg', '0');
INSERT INTO `lanpartyclub_task` VALUES ('1173', 'DeleteItemPhoto', '{5365D148-27B1-4D55-4A24-F2E4701FD478}.jpg', '0');
